simulation,y,ymin,ymax,.width,.point,.interval,divs,rhat,p_true
1,0.8982221394967668,0.8829325628082673,0.9133811833513281,0.8,mean,qi,0,TRUE,0.8966972001362592
2,0.7754584748607677,0.7603553911497871,0.7907908624163086,0.8,mean,qi,0,TRUE,0.7698414199985564
3,0.31577435451836766,0.2969111386407701,0.3346188184961087,0.8,mean,qi,0,TRUE,0.3403489966876805
4,0.023616839499089333,0.016861198128532793,0.03085733156041339,0.8,mean,qi,0,TRUE,0.023331202333793044
5,0.29639303826610647,0.27703616102323875,0.31593544040434574,0.8,mean,qi,0,TRUE,0.29360337276011705
6,0.8644225261034854,0.8498778602682073,0.8786496879232899,0.8,mean,qi,0,TRUE,0.8643394706305116
7,0.05571975949591486,0.045925666677512,0.06575836330886871,0.8,mean,qi,0,TRUE,0.05893437727354467
8,0.11590892502727491,0.10258266267888394,0.12970367009068667,0.8,mean,qi,0,TRUE,0.12937234807759523
9,0.5064804326601744,0.48509626619612595,0.5284497494855744,0.8,mean,qi,0,TRUE,0.49559357785619795
10,0.560418467602721,0.5391258990059814,0.5812605440722052,0.8,mean,qi,0,TRUE,0.5609007480088621
11,0.5552398484488675,0.5323770400134242,0.5783145213041248,0.8,mean,qi,0,TRUE,0.557159538846463
12,0.05174321752491751,0.04108509209211787,0.06298979426025637,0.8,mean,qi,0,TRUE,0.06380848051048815
13,0.4869648591888913,0.4671891326696257,0.5075667784768064,0.8,mean,qi,0,TRUE,0.5033394857309759
14,0.31351842516002,0.2950192232524927,0.33254120776384316,0.8,mean,qi,0,TRUE,0.3179636844433844
15,0.3219669792298261,0.302630472053103,0.3405741904922523,0.8,mean,qi,0,TRUE,0.3082923307083547
16,0.37227052279137307,0.3526028411826547,0.3919313053979886,0.8,mean,qi,0,TRUE,0.37448686454445124
17,0.13017771315479623,0.11593451829828957,0.1446880723946014,0.8,mean,qi,0,TRUE,0.1326899752020836
18,0.2788911364369585,0.25944624280366696,0.2983425229814827,0.8,mean,qi,0,TRUE,0.2779660294763744
19,0.17539411934788257,0.15961022808811326,0.1921679482727688,0.8,mean,qi,0,TRUE,0.18123182281851768
20,0.9843807094410132,0.9721612095595213,0.9955716816719095,0.8,mean,qi,0,TRUE,0.9815634603146464
21,0.40263067151925636,0.38216862330372814,0.4227846038305617,0.8,mean,qi,0,TRUE,0.40044974675402045
22,0.985496986013351,0.9740176071577968,0.9960315605983338,0.8,mean,qi,0,TRUE,0.9863115891348571
23,0.1649071412994003,0.14973801957115596,0.17995388560687256,0.8,mean,qi,0,TRUE,0.17180008231662214
24,0.6033593250916408,0.5828298104053576,0.6235775905578553,0.8,mean,qi,0,TRUE,0.5870351414196193
25,0.4803876753070377,0.4590612356883829,0.5016407025231591,0.8,mean,qi,0,TRUE,0.49331872863695025
26,0.6282836592065377,0.6042745321995968,0.6511292296693202,0.8,mean,qi,0,TRUE,0.659821025794372
27,0.7818546542283535,0.7639915346473652,0.7990175745318082,0.8,mean,qi,0,TRUE,0.7929090238176286
28,0.8493658547345244,0.8310569423152018,0.8680066702260598,0.8,mean,qi,0,TRUE,0.8383840667083859
29,0.5822177920935063,0.5607292733508099,0.6031633659564087,0.8,mean,qi,0,TRUE,0.6097489350941032
30,0.5716610735671044,0.5502341138862746,0.5931321163275772,0.8,mean,qi,0,TRUE,0.603792401496321
31,0.39455606446641395,0.3751380447560279,0.41429768497324126,0.8,mean,qi,0,TRUE,0.3971479332540184
32,0.016894711363779073,0.010985706940938391,0.023126058579076434,0.8,mean,qi,0,TRUE,0.02274122415110469
33,0.8555338303375132,0.8404374228207326,0.8700832080610879,0.8,mean,qi,0,TRUE,0.8495521037839353
34,0.4023994467221703,0.38106674183980743,0.42388670562996594,0.8,mean,qi,0,TRUE,0.3880784888751805
35,0.5957365184047403,0.5753222495227756,0.6158182061711794,0.8,mean,qi,0,TRUE,0.6217732795048505
36,0.7890018384986079,0.7681900262605996,0.8097154674113551,0.8,mean,qi,0,TRUE,0.7706536315381527
37,0.08930687532555301,0.0765719376116842,0.10226368370928272,0.8,mean,qi,0,TRUE,0.09439026773907244
38,0.9784973023304537,0.9644734473585703,0.9921029711963605,0.8,mean,qi,0,TRUE,0.962333308532834
39,0.7533666443206357,0.7350146578761205,0.7713406008038007,0.8,mean,qi,0,TRUE,0.7498216649983078
40,0.6213268091897307,0.5985025449932155,0.6440931728947396,0.8,mean,qi,0,TRUE,0.6266548475250602
41,0.058132755508429515,0.048299118749487766,0.06826244892094736,0.8,mean,qi,0,TRUE,0.06490053655579686
42,0.19088108233240708,0.17556920281831334,0.20698202817881634,0.8,mean,qi,0,TRUE,0.193784071598202
43,0.527533488809424,0.5057904989036439,0.5491315548527725,0.8,mean,qi,0,TRUE,0.5270961946807802
44,0.00981067468017049,0.004991328525475478,0.015077899487984743,0.8,mean,qi,0,TRUE,0.011759734712541103
45,0.539491005242074,0.5190038394210632,0.5596739244755845,0.8,mean,qi,0,TRUE,0.5308243641629815
46,0.9079003028931746,0.8947179006820934,0.9215228766687533,0.8,mean,qi,0,TRUE,0.9055772605352104
47,0.8142370790284452,0.795267193951594,0.832897606104636,0.8,mean,qi,0,TRUE,0.8298771274276078
48,0.5367436122171751,0.5125382718552556,0.5607257474173308,0.8,mean,qi,0,TRUE,0.5512639668304473
49,0.7285049615674258,0.7088861651247974,0.7480284332145658,0.8,mean,qi,0,TRUE,0.7271810211241245
50,0.6188661253835932,0.595997347028119,0.6415389215814236,0.8,mean,qi,0,TRUE,0.6204279256053269
51,0.037072500538076515,0.028572321253204493,0.04603203916165563,0.8,mean,qi,0,TRUE,0.03443876118399203
52,0.9227625073714907,0.9091087207805526,0.9366110779646903,0.8,mean,qi,0,TRUE,0.925323475850746
53,0.5499878594301955,0.5298169257329862,0.5703308474514348,0.8,mean,qi,0,TRUE,0.5768046588636935
54,0.9453604454515537,0.934054397083505,0.956378184357007,0.8,mean,qi,0,TRUE,0.9465567488223314
55,0.39779302506294273,0.3774603415390286,0.4178152007780072,0.8,mean,qi,0,TRUE,0.39770609186962247
56,0.970062527082814,0.9572605907150236,0.9826075969541822,0.8,mean,qi,0,TRUE,0.9618534198962152
57,0.03974792707280492,0.03094735677974397,0.049296654482883465,0.8,mean,qi,0,TRUE,0.03731267573311925
58,0.6662966733101199,0.644608379072896,0.6883729763780625,0.8,mean,qi,0,TRUE,0.6947533481288701
59,0.9246630941622115,0.9101885568576817,0.9395077670218934,0.8,mean,qi,0,TRUE,0.9261131740640849
60,0.6563066571092186,0.6377212511536893,0.6747410593290584,0.8,mean,qi,0,TRUE,0.670353451743722
61,0.41385208471342844,0.3941251383738999,0.4343393836273201,0.8,mean,qi,0,TRUE,0.4421616909094155
62,0.7120386759388502,0.6899213180032249,0.7333685892323608,0.8,mean,qi,0,TRUE,0.6966087480541319
63,0.19930419788148207,0.18299367603923464,0.2160249035731494,0.8,mean,qi,0,TRUE,0.20291241211816669
64,0.8343741641604875,0.8176996728745562,0.8509000172308715,0.8,mean,qi,0,TRUE,0.8393039079383016
65,0.8487834311510359,0.8314001037391658,0.8659854738204961,0.8,mean,qi,0,TRUE,0.8430805520620197
66,0.8970619977996532,0.8778383304354986,0.9153189804417678,0.8,mean,qi,0,TRUE,0.8829967405181378
67,0.9153478822055747,0.9019890497134098,0.9292029619277498,0.8,mean,qi,0,TRUE,0.9063654695637524
68,0.9449947462264207,0.9228887312721458,0.9680046453305553,0.8,mean,qi,0,TRUE,0.949707917869091
69,0.03148947380213113,0.024392657403418786,0.03908950415299908,0.8,mean,qi,0,TRUE,0.03291432745754719
70,0.7039231069655056,0.6822674321051455,0.7257687474571805,0.8,mean,qi,0,TRUE,0.6903917051386088
71,0.5108782269989783,0.4882794607927002,0.534153892634073,0.8,mean,qi,0,TRUE,0.5074934887234122
72,0.385870299705113,0.36421019554478995,0.4078210387735449,0.8,mean,qi,0,TRUE,0.4022568997461349
73,0.266743818064684,0.24969300222024815,0.2838434119586023,0.8,mean,qi,0,TRUE,0.2751770878676325
74,0.5604551443710132,0.5376224099258602,0.5841198848607515,0.8,mean,qi,0,TRUE,0.5665824587922543
75,0.03594949129750299,0.028321500099449323,0.0442059348711784,0.8,mean,qi,0,TRUE,0.0409439904615283
76,0.8153220330793093,0.7953855883337084,0.8349859170659596,0.8,mean,qi,0,TRUE,0.8171891570091248
77,0.2862885723529245,0.26817406815594846,0.3045803931368478,0.8,mean,qi,0,TRUE,0.2808000696823001
78,0.975472624751989,0.9609877117926403,0.9897126057994583,0.8,mean,qi,0,TRUE,0.9962717846501619
79,0.324214778773104,0.3063198251140932,0.34311012579046113,0.8,mean,qi,0,TRUE,0.2979757348075509
80,0.11445175368435187,0.10099629965765182,0.1279501366910209,0.8,mean,qi,0,TRUE,0.10974552389234304
81,0.7914334936295346,0.7697939414567744,0.8129947301433502,0.8,mean,qi,0,TRUE,0.802867429330945
82,0.8185793885964371,0.8003535792303387,0.8363630321041847,0.8,mean,qi,0,TRUE,0.8017233137506992
83,0.5336744664161978,0.5094153118861217,0.5579262998615302,0.8,mean,qi,0,TRUE,0.5158238760195673
84,0.1970428756902576,0.1803170633352862,0.2138311933036254,0.8,mean,qi,0,TRUE,0.19951918860897422
85,0.18410261737471997,0.1686912663682709,0.1997415215981701,0.8,mean,qi,0,TRUE,0.17437904397957027
86,0.5985703951681723,0.5762478934028109,0.6209765365468878,0.8,mean,qi,0,TRUE,0.583520186599344
87,0.1220512330375854,0.10857135604183958,0.13583975257854078,0.8,mean,qi,0,TRUE,0.12040119059383869
88,0.2341048246946543,0.2170432955427262,0.2515755228344321,0.8,mean,qi,0,TRUE,0.22485348442569375
89,0.6626463746321585,0.6421778599482477,0.6827515019794046,0.8,mean,qi,0,TRUE,0.6477648741565645
90,0.9141492060400279,0.8980844418509325,0.9300919686210443,0.8,mean,qi,0,TRUE,0.9132312219589949
91,0.8052516704199864,0.7906771334338059,0.8196036406590256,0.8,mean,qi,0,TRUE,0.836512059206143
92,0.45125793176085943,0.4302798102292645,0.472347439472046,0.8,mean,qi,0,TRUE,0.4687599919270724
93,0.3143541766206954,0.293758579759423,0.3352560320808118,0.8,mean,qi,0,TRUE,0.33179546520113945
94,0.6935889914543789,0.6715775928082884,0.7160493713206771,0.8,mean,qi,0,TRUE,0.6898921618703753
95,0.618962218283133,0.598868500781779,0.6389284263688902,0.8,mean,qi,0,TRUE,0.6281303411815315
96,0.0324253934832335,0.022838763315606036,0.04231215857663674,0.8,mean,qi,0,TRUE,0.020925253862515092
97,0.8487237784300763,0.8328392560090261,0.8642966592540027,0.8,mean,qi,0,TRUE,0.8504591358359903
98,0.04247206289954871,0.03360459514489196,0.05192652364280256,0.8,mean,qi,0,TRUE,0.04797986033372581
99,0.9728259843722737,0.9578926903668574,0.9876651981813694,0.8,mean,qi,0,TRUE,0.9757385952398181
100,0.6574329282111908,0.6396061545293892,0.6755961070424196,0.8,mean,qi,0,TRUE,0.6547304135747254
101,0.5780740424172237,0.5555624766429219,0.6009234310702174,0.8,mean,qi,0,TRUE,0.5654852851293981
102,0.8387333626274265,0.8210905012510852,0.8568167013452715,0.8,mean,qi,0,TRUE,0.8402003939263523
103,0.08828949949860744,0.07454252254300932,0.10143600887615113,0.8,mean,qi,0,TRUE,0.09686129447072744
104,0.6700755616649219,0.648596028979137,0.6912807373875933,0.8,mean,qi,0,TRUE,0.6883255215361714
105,0.7015807739521366,0.68071642389817,0.7215740721119652,0.8,mean,qi,0,TRUE,0.7143653393723071
106,0.1691065750242945,0.1533436726488891,0.18505859844624925,0.8,mean,qi,0,TRUE,0.14858843083493412
107,0.5791393669333867,0.5591168006160809,0.5993594101635321,0.8,mean,qi,0,TRUE,0.5793290378060192
108,0.018779232818264414,0.01224239968675515,0.025699191670570852,0.8,mean,qi,0,TRUE,0.00886946776881814
109,0.3360325440581158,0.3171547614566493,0.3550300522758519,0.8,mean,qi,0,TRUE,0.3203135277144611
110,0.5944118704970247,0.5707696799990889,0.6182795178623514,0.8,mean,qi,0,TRUE,0.5916737248189747
111,0.6018863017189163,0.5812582171819003,0.6234363387367318,0.8,mean,qi,0,TRUE,0.596988384379074
112,0.867434332748203,0.8496632328614174,0.8851850549602414,0.8,mean,qi,0,TRUE,0.8651255557779223
113,0.3620120970298073,0.34152925301132864,0.38301061679632725,0.8,mean,qi,0,TRUE,0.34790591336786747
114,0.29000784295274185,0.27108130846529255,0.3090166785099468,0.8,mean,qi,0,TRUE,0.29939113836735487
115,0.16007335308707873,0.14449946433199096,0.17568250939683594,0.8,mean,qi,0,TRUE,0.1583680419716984
116,0.4389802344143956,0.416823806936603,0.4605680486083925,0.8,mean,qi,0,TRUE,0.4208116631489247
117,0.11192661713502122,0.09825220018132119,0.12573452352024733,0.8,mean,qi,0,TRUE,0.1155603255610913
118,0.4392052181771196,0.4172379507395636,0.46078873080209365,0.8,mean,qi,0,TRUE,0.43065325100906193
119,0.26119128436432937,0.243370347109789,0.27934014673216895,0.8,mean,qi,0,TRUE,0.25176422810181975
120,0.8657239225226868,0.8507607343556729,0.8807540662669926,0.8,mean,qi,0,TRUE,0.8837007053662091
121,0.00132813016357798,1.6268914819736572e-4,0.0029694649125527744,0.8,mean,qi,0,TRUE,0.0010268189944326878
122,0.8060429525727592,0.7904464236191153,0.8219596344500737,0.8,mean,qi,0,TRUE,0.810763978632167
123,0.1632952046622164,0.14847135032121878,0.17846037334449108,0.8,mean,qi,0,TRUE,0.16891444101929665
124,0.081799623487203,0.06935607106958183,0.09446565451982177,0.8,mean,qi,0,TRUE,0.0778222696390003
125,0.7760777915290022,0.7571168468711611,0.7952372555308799,0.8,mean,qi,0,TRUE,0.7827213569544256
126,0.18085894280412293,0.16477735874443755,0.19674739127307608,0.8,mean,qi,0,TRUE,0.1660436785314232
127,0.5231151389897993,0.5008018369111908,0.5454218535575232,0.8,mean,qi,0,TRUE,0.5276626558043063
128,0.7431604887172033,0.7231205558257442,0.7636113622434428,0.8,mean,qi,0,TRUE,0.7303703813813627
129,0.3552561267349084,0.3350952676337126,0.3753752268049315,0.8,mean,qi,0,TRUE,0.3720269843470305
130,0.5850703463621886,0.5620089909528995,0.6072525847592835,0.8,mean,qi,0,TRUE,0.5947590705472976
131,0.6896708904356825,0.6715128938421263,0.7079091172445632,0.8,mean,qi,0,TRUE,0.6749895561952144
132,0.8450667055368377,0.8314293646406467,0.8584842540462996,0.8,mean,qi,0,TRUE,0.8473997262772173
133,0.5149329681678902,0.4928798750787397,0.537071450303893,0.8,mean,qi,0,TRUE,0.5167501550167799
134,0.1946631321745889,0.17914995926599944,0.21064553820085813,0.8,mean,qi,0,TRUE,0.18117087404243648
135,0.39321338992310895,0.37336953558332153,0.413358558028175,0.8,mean,qi,0,TRUE,0.39395963004790246
136,0.11495611755181534,0.10007454715656804,0.13014070496265356,0.8,mean,qi,0,TRUE,0.10057790786959231
137,0.6676138769556975,0.6472928772077746,0.6875567916259041,0.8,mean,qi,0,TRUE,0.6528749417047948
138,0.6244994123774145,0.6060904826743347,0.6430556637187221,0.8,mean,qi,0,TRUE,0.6333318289835006
139,0.848231116209843,0.8318726595666378,0.8645948219009392,0.8,mean,qi,0,TRUE,0.8563087291549891
140,0.10987097410976039,0.09518735191941065,0.12438998422313774,0.8,mean,qi,0,TRUE,0.10616740095429122
141,0.6397904755934227,0.6150446425734907,0.6640602186695499,0.8,mean,qi,0,TRUE,0.6311799522954971
142,0.8521782448271418,0.8337610518034614,0.8707531867631297,0.8,mean,qi,0,TRUE,0.8429674953222275
143,0.2705714861323398,0.25284537364126225,0.2885758615735437,0.8,mean,qi,0,TRUE,0.2501018368639052
144,0.1677548057854075,0.1528819520862338,0.1829218300420882,0.8,mean,qi,0,TRUE,0.16099234740249813
145,0.7977305982847701,0.7791259740062659,0.8163983353501846,0.8,mean,qi,0,TRUE,0.7867438609246165
146,0.6603204972760174,0.6376016151070065,0.6831996940522993,0.8,mean,qi,0,TRUE,0.6320752333849669
147,0.2922196758786702,0.27383543097477103,0.31146283196170377,0.8,mean,qi,0,TRUE,0.2668636271264404
148,0.023025318972348396,0.01643866059868506,0.03010728390425657,0.8,mean,qi,0,TRUE,0.029511411441490054
149,0.8044522481486757,0.7884387793808288,0.8202058515472889,0.8,mean,qi,0,TRUE,0.8007615969981998
150,0.7047627932276198,0.6874393555514785,0.7218735553724491,0.8,mean,qi,0,TRUE,0.7220525057055056
151,0.8873240299469182,0.8706215106872708,0.9038908103183456,0.8,mean,qi,0,TRUE,0.8884460288099945
152,0.06248430818439988,0.048929967494527396,0.07658588033749648,0.8,mean,qi,0,TRUE,0.05258213612250984
153,0.056316832287282396,0.046128897290579014,0.06700563081006662,0.8,mean,qi,0,TRUE,0.05585486046038568
154,0.9314819203419663,0.9191858885954601,0.9434853323367048,0.8,mean,qi,0,TRUE,0.9257361160125583
155,0.4897701260279553,0.4680310220590094,0.511924426529228,0.8,mean,qi,0,TRUE,0.4787948571611196
156,0.48971801216814825,0.4683462385099946,0.5105727234685469,0.8,mean,qi,0,TRUE,0.4823611795436591
157,0.19867001261068298,0.18169967763602568,0.21566332593609625,0.8,mean,qi,0,TRUE,0.16235961252823472
158,0.08262449422436448,0.07154335443295967,0.09398933661067102,0.8,mean,qi,0,TRUE,0.07333542499691248
159,0.1190767230123948,0.1052861035208065,0.13285291222004444,0.8,mean,qi,0,TRUE,0.09470966807566583
160,0.17912054858094623,0.1637880909282685,0.1952648484154122,0.8,mean,qi,0,TRUE,0.21482752007432282
161,0.9696471641965397,0.9537981164904457,0.9856322366306364,0.8,mean,qi,0,TRUE,0.9797600267920643
162,0.15728595052519323,0.14305669821201367,0.17128074593328388,0.8,mean,qi,0,TRUE,0.12915544607676566
163,0.6944264546494551,0.6743826577102141,0.7144007223317712,0.8,mean,qi,0,TRUE,0.6906600708607584
164,0.6458340288427674,0.6265721171621355,0.665301308285719,0.8,mean,qi,0,TRUE,0.6269693956710398
165,0.12390271636234816,0.10965272715932323,0.13847284410719932,0.8,mean,qi,0,TRUE,0.14146234933286905
166,0.5270924237340989,0.5033181785350997,0.5503744557569632,0.8,mean,qi,0,TRUE,0.5262071203906089
167,0.6334641450485062,0.6113889913531925,0.6559930040517212,0.8,mean,qi,0,TRUE,0.6356687599327415
168,0.22118094646038552,0.2040475208083501,0.23923638108805387,0.8,mean,qi,0,TRUE,0.23185301711782813
169,0.47218144030194603,0.4495679506707911,0.4945031804416964,0.8,mean,qi,0,TRUE,0.4847530412953347
170,0.3444283260878628,0.32320190526274883,0.36535674658896133,0.8,mean,qi,0,TRUE,0.33798231836408377
171,0.3532133555344241,0.3343715609303435,0.3725628718104842,0.8,mean,qi,0,TRUE,0.3667570133693516
172,0.9334157414241936,0.9204938577775081,0.9458872457307749,0.8,mean,qi,0,TRUE,0.9375497931614518
173,0.6143025776875861,0.591817089145799,0.6372114545961197,0.8,mean,qi,0,TRUE,0.5995062545407563
174,0.5566849324589768,0.5328744844919827,0.5813316122258415,0.8,mean,qi,0,TRUE,0.5292904512025416
175,0.2553192593592407,0.23729523102381456,0.27367664770549605,0.8,mean,qi,0,TRUE,0.2642370050307363
176,0.33099447576782,0.3113263445625653,0.35110875664458874,0.8,mean,qi,0,TRUE,0.3223439655266702
177,0.41959193658636607,0.3981767986122464,0.44135671582262637,0.8,mean,qi,0,TRUE,0.3887622107286006
178,0.1573267397804215,0.14159947061634967,0.17307860600821762,0.8,mean,qi,0,TRUE,0.1513924167957157
179,0.9194704588190381,0.9050108568010367,0.9334983126761106,0.8,mean,qi,0,TRUE,0.9019198671448976
180,0.946696324042424,0.9318735590338886,0.9620505962478534,0.8,mean,qi,0,TRUE,0.9313862379640341
181,0.8149382102484023,0.7931831654242754,0.8361040721585299,0.8,mean,qi,0,TRUE,0.8324757316149771
182,0.7106173953244526,0.6867213804022506,0.7341488924727204,0.8,mean,qi,0,TRUE,0.7312367144040763
183,0.6147753924689131,0.5946267590062019,0.6343272097492836,0.8,mean,qi,0,TRUE,0.5923369249794632
184,0.281010014437747,0.26366311961959404,0.29904107322069207,0.8,mean,qi,0,TRUE,0.28449972276575863
185,0.9548444623700674,0.9407749801061948,0.9687563659732292,0.8,mean,qi,0,TRUE,0.9692777772434056
186,0.8048960068380088,0.7867705271071526,0.8227173116481388,0.8,mean,qi,0,TRUE,0.800191444111988
187,0.33170945077544767,0.31187255702507505,0.35165258004753747,0.8,mean,qi,0,TRUE,0.32854608236812055
188,0.24614937505632176,0.22879362187195673,0.26348374790804135,0.8,mean,qi,0,TRUE,0.23005525046028197
189,0.9559699364423672,0.9395144454197062,0.97242139754966606,0.8,mean,qi,0,TRUE,0.9507691871840507
190,0.9516996113244074,0.9385412193911723,0.9651280535458456,0.8,mean,qi,0,TRUE,0.9592409199103713
191,0.11039128982940735,0.09576255944133531,0.12527513132341098,0.8,mean,qi,0,TRUE,0.11311222752556205
192,0.3074260422012523,0.28734232022716916,0.32739896772505783,0.8,mean,qi,0,TRUE,0.33749808254651725
193,0.40425205544021997,0.3823941375783232,0.4261695416397173,0.8,mean,qi,0,TRUE,0.4056714088656008
194,0.9787639590604901,0.9650905909789894,0.991817873666185,0.8,mean,qi,0,TRUE,0.9863147649448365
195,0.0706480676935022,0.05930868342679119,0.08233321636871212,0.8,mean,qi,0,TRUE,0.07781854597851634
196,0.03526590656624265,0.028057830610107113,0.04307969535297862,0.8,mean,qi,0,TRUE,0.03301441320218146
197,0.5406151495718388,0.5178535720600443,0.5624814306774221,0.8,mean,qi,0,TRUE,0.5939281792379916
198,0.8423033507634674,0.8246811251899544,0.859129203514936,0.8,mean,qi,0,TRUE,0.846250320551917
199,0.9298837994259775,0.9144597590520763,0.9445709626799795,0.8,mean,qi,0,TRUE,0.9104573470540345
200,0.4897725775926877,0.46950085032021327,0.5098660415104184,0.8,mean,qi,0,TRUE,0.47347612865269184
201,0.19995700368670324,0.18367882444122427,0.21632472176002546,0.8,mean,qi,0,TRUE,0.19600685220211744
202,0.2826362630635534,0.2645235098740394,0.30072482732129413,0.8,mean,qi,0,TRUE,0.26944410311989486
203,0.6345318434172273,0.6135943871870234,0.6547984877657274,0.8,mean,qi,0,TRUE,0.6275880329776555
204,0.8542810319647516,0.8376772750618833,0.8710977783736795,0.8,mean,qi,0,TRUE,0.8663508722092956
205,0.45246332980240733,0.4313364111697563,0.473336992563259,0.8,mean,qi,0,TRUE,0.44438073644414544
206,0.251019380439897,0.2339256195178418,0.2681678440629305,0.8,mean,qi,0,TRUE,0.23109614686109126
207,0.15163179807408045,0.13659082599322478,0.16642364399408943,0.8,mean,qi,0,TRUE,0.13518742262385786
208,0.7699085870044411,0.7526275964590103,0.7863840050557855,0.8,mean,qi,0,TRUE,0.7672343710437417
209,0.7267270831127168,0.7087581631535966,0.744574912519232,0.8,mean,qi,0,TRUE,0.7202303418889642
210,0.028935208802075767,0.020181912620555232,0.03862027436909821,0.8,mean,qi,0,TRUE,0.025367458583787084
211,0.1199435342748819,0.10674771208406858,0.13314281396341635,0.8,mean,qi,0,TRUE,0.12594790128059685
212,0.7715865601501387,0.7544693624760052,0.7883066922442538,0.8,mean,qi,0,TRUE,0.7641139689367265
213,0.84404041829475,0.8279930455159696,0.8597815828178906,0.8,mean,qi,0,TRUE,0.844714725157246
214,0.03752532305001282,0.02969244333847087,0.045786526875389,0.8,mean,qi,0,TRUE,0.034577911254018545
215,0.30092016430798074,0.28285122763790727,0.3191901732894884,0.8,mean,qi,0,TRUE,0.30630163196474314
216,0.49521197908607484,0.471158184361165,0.5189530742948976,0.8,mean,qi,0,TRUE,0.525597776286304
217,0.9468373736312682,0.9350739602433906,0.9586652415157562,0.8,mean,qi,0,TRUE,0.946407520910725
218,0.12714090514368856,0.11341039927445513,0.14126782927031273,0.8,mean,qi,0,TRUE,0.12814937764778733
219,0.8410116543859989,0.826178954675847,0.8557034924518587,0.8,mean,qi,0,TRUE,0.8354293555021286
220,0.5881648642002238,0.5673058163606424,0.6094732718798928,0.8,mean,qi,0,TRUE,0.5724399948958308
221,0.00790230365907272,0.0036746537780808926,0.012584618401612596,0.8,mean,qi,0,TRUE,0.007279515033587813
222,0.8023301093983352,0.7814913927106093,0.8224931837058037,0.8,mean,qi,0,TRUE,0.8019649009220302
223,0.08813198562176716,0.07584363404172313,0.10089836068997662,0.8,mean,qi,0,TRUE,0.09817207069136202
224,0.30641874522379725,0.2870822136636871,0.32515122266237867,0.8,mean,qi,0,TRUE,0.29995149630121887
225,0.3779629400492297,0.3567687225242051,0.3986453465136371,0.8,mean,qi,0,TRUE,0.3778889640234411
226,0.9078713263800995,0.8922934933759513,0.9234931117807583,0.8,mean,qi,0,TRUE,0.930817308370024
227,0.1647425877600512,0.15016134306922768,0.1800530409385229,0.8,mean,qi,0,TRUE,0.16117112920619547
228,0.8095950417687958,0.7912322398292495,0.8283417256618397,0.8,mean,qi,0,TRUE,0.8206353108398616
229,0.2628963168463886,0.2459631599361252,0.2803201044448835,0.8,mean,qi,0,TRUE,0.28132312558591366
230,0.16336211397803113,0.14713410377653255,0.17920773285656436,0.8,mean,qi,0,TRUE,0.15667472477070987
231,0.9030940907349198,0.8864245766805102,0.9191727602001474,0.8,mean,qi,0,TRUE,0.8932992392219603
232,0.691468657895686,0.6711510043987234,0.7113030562136031,0.8,mean,qi,0,TRUE,0.674378331983462
233,0.2528220156242285,0.23504721243026339,0.27044539830786385,0.8,mean,qi,0,TRUE,0.2562992183957249
234,0.44532140096525774,0.42450089235153154,0.4666747101664717,0.8,mean,qi,0,TRUE,0.47079086070880294
235,0.09698360345217204,0.08430854384499534,0.10997329123200832,0.8,mean,qi,0,TRUE,0.10902903019450605
236,0.9473287237642057,0.9353314018952983,0.9591023627038925,0.8,mean,qi,0,TRUE,0.9575224553700536
237,0.21317405038994428,0.19651473040777406,0.23046797352018125,0.8,mean,qi,0,TRUE,0.19819084089249372
238,0.5895224760842352,0.5703740311519365,0.6087761916481345,0.8,mean,qi,0,TRUE,0.5601218547672033
239,0.9390660006111419,0.9190779977415251,0.9599911324467577,0.8,mean,qi,0,TRUE,0.9240965796634555
240,0.3704254863359437,0.3513907704033693,0.38959313251408945,0.8,mean,qi,0,TRUE,0.3616646402515471
241,0.4414850701757372,0.4204923628201241,0.46197055181848967,0.8,mean,qi,0,TRUE,0.42988233221694827
242,0.027598434197995556,0.018498848355968614,0.037628335165009116,0.8,mean,qi,0,TRUE,0.023632943397387862
243,0.3692216924317702,0.35001117064741394,0.3886804378969428,0.8,mean,qi,0,TRUE,0.40724470280110836
244,0.6329803634638829,0.6111438751997489,0.6541667858215829,0.8,mean,qi,0,TRUE,0.6379013862460852
245,0.2006816571173222,0.18364617493556928,0.21812809104047481,0.8,mean,qi,0,TRUE,0.19954012939706445
246,0.9575575328401223,0.9416750007178275,0.9734520915867096,0.8,mean,qi,0,TRUE,0.9600310807581991
247,0.5681267966177238,0.5469138771868569,0.589897446913792,0.8,mean,qi,0,TRUE,0.5722808982245624
248,0.6711320281229687,0.6514910835811292,0.69046747323770985,0.8,mean,qi,0,TRUE,0.6908534814137965
249,0.017558860248594214,0.009971291101331619,0.025606437876021803,0.8,mean,qi,0,TRUE,0.012291917810216546
250,0.7312876546072138,0.710761597217319,0.7525356519669136,0.8,mean,qi,0,TRUE,0.736711106961593
251,0.35561608744028195,0.33578596437468733,0.3764358695640608,0.8,mean,qi,0,TRUE,0.3643619315698743
252,0.6986607824784646,0.6788195380281138,0.7180250869997827,0.8,mean,qi,0,TRUE,0.6982137262821198
253,0.06388593100189062,0.053460714323792624,0.07500617666825855,0.8,mean,qi,0,TRUE,0.07645171787589788
254,0.5601017003218204,0.5397199037967886,0.5805324242165585,0.8,mean,qi,0,TRUE,0.5569958589039743
255,0.015414578054897798,0.009179453914760211,0.021898629204385647,0.8,mean,qi,0,TRUE,0.018853323999792337
256,0.9501365307749275,0.937634258242198,0.9625360679780539,0.8,mean,qi,0,TRUE,0.9473425087053329
257,0.3922393103425721,0.3716185525870409,0.41348828045244396,0.8,mean,qi,0,TRUE,0.4243316035717726
258,0.9678377613375304,0.9532390787955989,0.9830788169916798,0.8,mean,qi,0,TRUE,0.9477621563710272
259,0.6615263769730463,0.6414911654671281,0.6809831221294843,0.8,mean,qi,0,TRUE,0.6599571199622005
260,0.5645628649082582,0.5436269488184436,0.5864986067122379,0.8,mean,qi,0,TRUE,0.5983645929954946
261,0.39814045270660314,0.37849988418793495,0.4174453824365003,0.8,mean,qi,0,TRUE,0.4095640459563583
262,0.7523192695054918,0.7325765701004321,0.7715552723709337,0.8,mean,qi,0,TRUE,0.728797588031739
263,0.7408975578831469,0.7215493355094726,0.7603537877862856,0.8,mean,qi,0,TRUE,0.7526326728984714
264,0.9182073351527752,0.9037360399371586,0.932574372261415,0.8,mean,qi,0,TRUE,0.8990288111381233
265,0.9851618176595396,0.9735508889425928,0.9958887638317429,0.8,mean,qi,0,TRUE,0.966413114219904
266,0.7155569046326203,0.6971700667331767,0.733807596060734,0.8,mean,qi,0,TRUE,0.711416750214994
267,0.12939711525207662,0.11679092289563142,0.14254139511589284,0.8,mean,qi,0,TRUE,0.1220222485717386
268,0.05703199206825562,0.04744015007213448,0.06724206984479139,0.8,mean,qi,0,TRUE,0.06871002167463303
269,0.05650390159604916,0.045740257539276685,0.0674927314506988,0.8,mean,qi,0,TRUE,0.05790896154940128
270,0.7390852434231188,0.7221819060483049,0.7553977679949222,0.8,mean,qi,0,TRUE,0.734037317102775
271,0.6747016225159449,0.6551140438228231,0.6931845663217111,0.8,mean,qi,0,TRUE,0.6683702126611024
272,0.10114067584251925,0.08808439393473884,0.11461676453722344,0.8,mean,qi,0,TRUE,0.08136955881491303
273,0.05840991907767066,0.04795396161523624,0.06944311582793371,0.8,mean,qi,0,TRUE,0.05393628147430718
274,0.6773044578262168,0.6540983919150765,0.6998177494303811,0.8,mean,qi,0,TRUE,0.6645438855048269
275,0.16488294268599607,0.14958927959253587,0.1802938143677955,0.8,mean,qi,0,TRUE,0.16782776871696115
276,0.9070250019330871,0.8880691627742664,0.9260068250635576,0.8,mean,qi,0,TRUE,0.9053140007890761
277,0.27208163130722696,0.2540661242580548,0.290762487892314,0.8,mean,qi,0,TRUE,0.25403362861834466
278,0.0254690398429885,0.0171111742252169,0.03445442552711259,0.8,mean,qi,0,TRUE,0.02090612892061472
279,0.5769506927877812,0.5545857132488358,0.5997728585012505,0.8,mean,qi,0,TRUE,0.611802558414638
280,0.6255975804058777,0.605295876482795,0.6456582931686116,0.8,mean,qi,0,TRUE,0.6209638244472444
281,0.10702478659489215,0.09414907068198408,0.12057880797175571,0.8,mean,qi,0,TRUE,0.12505811313167214
282,0.6587528334436485,0.6384769265535309,0.67972982436864,0.8,mean,qi,0,TRUE,0.6689826704096049
283,0.7277507851337461,0.7067120714982661,0.7483217313290885,0.8,mean,qi,0,TRUE,0.7232144312001765
284,0.3566953253302952,0.3367673350302621,0.3769490811505744,0.8,mean,qi,0,TRUE,0.33554333029314876
285,0.3123945366774658,0.2935003345652116,0.3319654714782072,0.8,mean,qi,0,TRUE,0.33309473283588886
286,0.12268086515825749,0.10851029982387836,0.1373458250049627,0.8,mean,qi,0,TRUE,0.12984726391732693
287,0.9879768244705698,0.9777555600048283,0.9972308739985899,0.8,mean,qi,0,TRUE,0.9953547352924943
288,0.8421800468159574,0.8237928670900669,0.8602614170296448,0.8,mean,qi,0,TRUE,0.8218779219314456
289,0.9700475071200659,0.953331703449398,0.9869511235213073,0.8,mean,qi,0,TRUE,0.9639447967056185
290,0.27072608770457735,0.25377660522934226,0.28827033387395823,0.8,mean,qi,0,TRUE,0.25656011630780995
291,0.20386770745848265,0.188048263288371,0.22037162898134677,0.8,mean,qi,0,TRUE,0.2045799100305885
292,0.9818709278091057,0.9707757344793263,0.993134394902272,0.8,mean,qi,0,TRUE,0.9842927341815084
293,0.23868405161478667,0.2213684570940246,0.25618005611606376,0.8,mean,qi,0,TRUE,0.222389834234491
294,0.7089297021899816,0.6860887042152799,0.7318707145495633,0.8,mean,qi,0,TRUE,0.6932723394129425
295,0.9709591022017114,0.9567544317808354,0.9846999847210236,0.8,mean,qi,0,TRUE,0.9514602851122618
296,0.9422511217858016,0.9293634817190999,0.9552282717994092,0.8,mean,qi,0,TRUE,0.9485976134892553
297,0.3497484367077859,0.3294824505313339,0.3707869963358673,0.8,mean,qi,0,TRUE,0.34973696409724653
298,0.7133002621453162,0.6945461743524679,0.7323117091489323,0.8,mean,qi,0,TRUE,0.7208651292603463
299,0.820993675312795,0.8035741223273124,0.8389334811957601,0.8,mean,qi,0,TRUE,0.8159155247267336
300,0.36338993529647146,0.34318210506788277,0.3840542067161097,0.8,mean,qi,0,TRUE,0.35963513399474323
301,0.958576950024449,0.9439410543219543,0.9729127715168215,0.8,mean,qi,0,TRUE,0.9525283249095082
302,0.8149571783193446,0.7976624969866177,0.8316659658186477,0.8,mean,qi,0,TRUE,0.8250362458638847
303,0.7662211305911986,0.7480193558025728,0.7842630636298749,0.8,mean,qi,0,TRUE,0.771494829794392
304,0.0851277681700174,0.07319079120422067,0.09692616876015464,0.8,mean,qi,0,TRUE,0.09995110891759396
305,0.2570954501785105,0.2384842131498489,0.27620181593661447,0.8,mean,qi,0,TRUE,0.2756102900020778
306,0.3383518554181693,0.3190565463606795,0.3581421540484625,0.8,mean,qi,0,TRUE,0.3401562755461782
307,0.001696527430363199,2.3501663526433249e-4,0.0037114481534592306,0.8,mean,qi,0,TRUE,0.0011953501962125301
308,0.5327700407869136,0.5105469434218155,0.5546783597222844,0.8,mean,qi,0,TRUE,0.520535976625979
309,0.9024840486229018,0.8883697217938371,0.9170133669282317,0.8,mean,qi,0,TRUE,0.9058619679417461
310,0.7970076567545485,0.7803860595008191,0.8129574174434963,0.8,mean,qi,0,TRUE,0.8020519590936601
311,0.7998330807438756,0.7804269480256388,0.8200449608076357,0.8,mean,qi,0,TRUE,0.8161371853202581
312,0.9579177728869216,0.9417583295277429,0.9741579431847792,0.8,mean,qi,0,TRUE,0.9400302032008767
313,0.7984058468884767,0.7807104255879748,0.8167779216231851,0.8,mean,qi,0,TRUE,0.7923427456989884
314,0.7447252889680279,0.7269112523020852,0.762916237685025,0.8,mean,qi,0,TRUE,0.7452031003776938
315,0.04493301054746906,0.03589547328804613,0.05453543917516288,0.8,mean,qi,0,TRUE,0.03549952548928559
316,0.5475986065970827,0.524013011390142,0.5722812852140706,0.8,mean,qi,0,TRUE,0.5603143034968525
317,0.14539031847874656,0.13043967280833557,0.1611176557381688,0.8,mean,qi,0,TRUE,0.12527760048396885
318,0.5498029343192559,0.5272334921970511,0.5717790660858542,0.8,mean,qi,0,TRUE,0.5226093232631683
319,0.7838974538691201,0.7651154252578024,0.802214127490277,0.8,mean,qi,0,TRUE,0.7897478784434497
320,0.7762672267621028,0.7564408198338273,0.7966119276586209,0.8,mean,qi,0,TRUE,0.7838245779275894
321,0.6379694501271214,0.6158710852202656,0.6605060102891779,0.8,mean,qi,0,TRUE,0.6276801198255271
322,0.39409465754233597,0.37334749245611415,0.4153974100199448,0.8,mean,qi,0,TRUE,0.3910534668248147
323,0.9717153351405846,0.9593382555352611,0.9842842723475989,0.8,mean,qi,0,TRUE,0.9765187273733318
324,0.015147813622001028,0.009729849423477651,0.021014792926525347,0.8,mean,qi,0,TRUE,0.018031655810773373
325,0.3193159870494898,0.3011289758173419,0.33844551465181416,0.8,mean,qi,0,TRUE,0.3165156804025173
326,0.5369347190949327,0.5139522931389953,0.5605527354745834,0.8,mean,qi,0,TRUE,0.5259248118381947
327,0.8398984638587431,0.8235646739247812,0.8561658574784176,0.8,mean,qi,0,TRUE,0.8264775855932385
328,0.007037421980734058,0.0025039183581413377,0.011866541059820566,0.8,mean,qi,0,TRUE,0.013055456103757024
329,0.6915734375091503,0.673079618818941,0.7100195231971319,0.8,mean,qi,0,TRUE,0.7059483902994543
330,0.3595233781345743,0.33912201208088466,0.3794612171611246,0.8,mean,qi,0,TRUE,0.358176430221647
331,0.2726171423206759,0.2544508173669734,0.29114119290954704,0.8,mean,qi,0,TRUE,0.28678226144984365
332,0.18434451279310946,0.16844002014494602,0.20030487661308521,0.8,mean,qi,0,TRUE,0.18672386021353304
333,0.8664577600290836,0.8520088718048713,0.8807534500828349,0.8,mean,qi,0,TRUE,0.8697003137785941
334,0.13196611978479755,0.1182817962104879,0.14623278817466365,0.8,mean,qi,0,TRUE,0.1480611350852996
335,0.8813344934325603,0.8649085718172382,0.8974935374690579,0.8,mean,qi,0,TRUE,0.87068603746593
336,0.6957425411656125,0.6746402532895406,0.7169849010519658,0.8,mean,qi,0,TRUE,0.6817738506942987
337,0.9639422653094943,0.948555349784874,0.9789146212570888,0.8,mean,qi,0,TRUE,0.9570980244316161
338,0.6647797581150968,0.6454774690808947,0.6838987486842402,0.8,mean,qi,0,TRUE,0.6526708514429629
339,0.811326552126323,0.7922389231499654,0.8298609149921848,0.8,mean,qi,0,TRUE,0.7909714065026492
340,0.6822462468523017,0.6630463366142887,0.7018900691620986,0.8,mean,qi,0,TRUE,0.6677050623111427
341,0.31090813307290793,0.29170174769967383,0.33055232698137965,0.8,mean,qi,0,TRUE,0.320495689753443
342,0.528305793650229,0.5052600421263259,0.5513517151326655,0.8,mean,qi,0,TRUE,0.5821139516774565
343,0.9267772878507533,0.9122269475460802,0.9414046177136725,0.8,mean,qi,0,TRUE,0.9160725988913327
344,0.5514414070801202,0.5316390994803817,0.5716125349852957,0.8,mean,qi,0,TRUE,0.56452602497302
345,0.15498419101043914,0.14052787275445092,0.16976937947512544,0.8,mean,qi,0,TRUE,0.1526054081041366
346,0.43489658504793616,0.41464642712274047,0.45549495675097557,0.8,mean,qi,0,TRUE,0.4726692675612867
347,0.9046961327448305,0.8905535744516431,0.9183221315828181,0.8,mean,qi,0,TRUE,0.9007489501964301
348,0.8124705436453761,0.7947885246555866,0.8302751749107201,0.8,mean,qi,0,TRUE,0.8046387117356062
349,0.5956638737708334,0.5755598753855793,0.6165823421445452,0.8,mean,qi,0,TRUE,0.5863956804387271
350,0.9830415641003479,0.9696785167357072,0.9958782479734034,0.8,mean,qi,0,TRUE,0.9982478108722717
351,0.8496501128565905,0.8317564390034197,0.8675289402459805,0.8,mean,qi,0,TRUE,0.8430301672779024
352,0.07445921992168106,0.0630401960506249,0.08629926571432495,0.8,mean,qi,0,TRUE,0.07347973831929266
353,0.423136243146058,0.40465052449282873,0.4420569752787651,0.8,mean,qi,0,TRUE,0.4480935255996883
354,0.4316192392715089,0.4123095550314248,0.4520438471286395,0.8,mean,qi,0,TRUE,0.4239678473677486
355,0.7474694932664239,0.7252104219558394,0.7695066398735801,0.8,mean,qi,0,TRUE,0.7344762478023767
356,0.04430637694414073,0.03408367518128599,0.05527838845181556,0.8,mean,qi,0,TRUE,0.03953041462227702
357,0.5383248260682449,0.5169274910902474,0.5595520377207737,0.8,mean,qi,0,TRUE,0.5436290169600397
358,0.16305889409943417,0.1466201830095923,0.17954547814282132,0.8,mean,qi,0,TRUE,0.17214361461810768
359,0.9406556940282753,0.9250961802635879,0.95607454293175,0.8,mean,qi,0,TRUE,0.9527292705606669
360,0.38793796908175787,0.3675343927262241,0.40873834446154256,0.8,mean,qi,0,TRUE,0.3833197795320302
361,0.6841969315035066,0.6644823665786191,0.7039520932879594,0.8,mean,qi,0,TRUE,0.6565615450963378
362,0.5438000229663761,0.5191550173066023,0.5701330227656267,0.8,mean,qi,0,TRUE,0.5368965468369424
363,0.6924345444559372,0.6686276726036634,0.7164051790290805,0.8,mean,qi,0,TRUE,0.692068804288283
364,0.7058001718972378,0.6856746777723245,0.7260916461542987,0.8,mean,qi,0,TRUE,0.6984229204244912
365,0.8518902323979256,0.8360909320700946,0.8671105668847291,0.8,mean,qi,0,TRUE,0.8471589223481715
366,0.7752135982078016,0.7577559313492866,0.7929748833339532,0.8,mean,qi,0,TRUE,0.7806306087877601
367,0.39058441229231444,0.3701897725412152,0.41121043953672043,0.8,mean,qi,0,TRUE,0.40998069173656404
368,0.5130659437616689,0.4917252700976641,0.5346903481557157,0.8,mean,qi,0,TRUE,0.5032015941105783
369,0.288896527366273,0.2700602368678816,0.30822573458616803,0.8,mean,qi,0,TRUE,0.2835297300480306
370,0.3382631183429943,0.3176871875716494,0.3598341766295946,0.8,mean,qi,0,TRUE,0.3275629272684455
371,0.3708253285897197,0.3490659191126766,0.39297201751553557,0.8,mean,qi,0,TRUE,0.3438316979445517
372,0.8728283839612974,0.8564460074997164,0.88897101742677,0.8,mean,qi,0,TRUE,0.8897953275591135
373,0.8935049415026075,0.8800204056191471,0.907180050063035,0.8,mean,qi,0,TRUE,0.898611149052158
374,0.3777804472301078,0.3573309304100242,0.39843920169505537,0.8,mean,qi,0,TRUE,0.39452540036290884
375,0.296162243729145,0.2770381894884409,0.3158067265707344,0.8,mean,qi,0,TRUE,0.2967854964081198
376,0.8710540210823513,0.8523551459871367,0.8902608081752965,0.8,mean,qi,0,TRUE,0.8750888530630618
377,0.056283933818276274,0.04547737635577685,0.06752771301021862,0.8,mean,qi,0,TRUE,0.05450866254977882
378,0.5037712696528223,0.48001931368731304,0.5268709739770908,0.8,mean,qi,0,TRUE,0.47837716643698514
379,0.9310743859788598,0.9176886168889402,0.944492128749922,0.8,mean,qi,0,TRUE,0.9386676554568112
380,0.8337341665935447,0.8153505168681265,0.8522716425596845,0.8,mean,qi,0,TRUE,0.8486061184667051
381,0.3666359738795616,0.3461368711019838,0.38798624021040723,0.8,mean,qi,0,TRUE,0.3571678716689348
382,0.38469304938702265,0.36514149494212056,0.4051841360367934,0.8,mean,qi,0,TRUE,0.38125975150614977
383,0.9850547480832595,0.971474818804029,0.9967394525692784,0.8,mean,qi,0,TRUE,0.9910525749437511
384,0.24229085586902732,0.2250086956795289,0.2602912650635582,0.8,mean,qi,0,TRUE,0.23621120117604733
385,0.5105587223204214,0.4896602041708127,0.5313100949577063,0.8,mean,qi,0,TRUE,0.5313746880274266
386,0.16324303113245903,0.1478220672370979,0.17833417876098245,0.8,mean,qi,0,TRUE,0.17183066462166607
387,0.11290165215675155,0.09914496678373691,0.12664760571629988,0.8,mean,qi,0,TRUE,0.11040275869891047
388,0.6602020626346033,0.6415929464825119,0.6791686653318317,0.8,mean,qi,0,TRUE,0.6764163381885737
389,0.12042161283980343,0.10629649528615036,0.13486836142180228,0.8,mean,qi,0,TRUE,0.12814907706342638
390,0.9918090767715589,0.9828407250642603,0.9986446152785934,0.8,mean,qi,0,TRUE,0.9958294399548322
391,0.32439131338423294,0.3054980207405413,0.3434772171711611,0.8,mean,qi,0,TRUE,0.33055679430253804
392,0.10071446640803942,0.08733268204385174,0.11409113329993431,0.8,mean,qi,0,TRUE,0.09171709348447621
393,0.3829593854374966,0.3621582984600854,0.4038135724501369,0.8,mean,qi,0,TRUE,0.3736103803385049
394,0.8245798564374882,0.8034622455893965,0.8452438543045973,0.8,mean,qi,0,TRUE,0.839328344212845
395,0.9525559936863921,0.9396260826171978,0.9650974204450831,0.8,mean,qi,0,TRUE,0.9671542274300009
396,0.02335841998432269,0.01634373340126765,0.030319684883935386,0.8,mean,qi,0,TRUE,0.031217584386467934
397,0.9830914974290822,0.9705271662962418,0.9952601090097959,0.8,mean,qi,0,TRUE,0.9600077364593744
398,0.29730967838883965,0.277248903338076,0.31811950882631657,0.8,mean,qi,0,TRUE,0.2848951602354646
399,0.3820975642410335,0.3614782608078688,0.40366245175337545,0.8,mean,qi,0,TRUE,0.38308636751025915
400,0.2944408296228629,0.2755758690964638,0.3132591202770082,0.8,mean,qi,0,TRUE,0.2910078293643892
401,0.8441453878474605,0.8301678331831512,0.857745108906036,0.8,mean,qi,0,TRUE,0.8467108588665724
402,0.5425073216951942,0.521112596764177,0.56375142143755,0.8,mean,qi,0,TRUE,0.5573141938075423
403,0.3833619281208826,0.36232239767395863,0.40469468547073606,0.8,mean,qi,0,TRUE,0.357098942855373
404,0.21615503548086432,0.19940342246560486,0.23259595509098513,0.8,mean,qi,0,TRUE,0.21891172393225133
405,0.41749547327769626,0.398482075861104,0.4369747960591286,0.8,mean,qi,0,TRUE,0.4256288616452366
406,0.11788834032406427,0.103933906518869,0.13181513083538685,0.8,mean,qi,0,TRUE,0.0938664535060525
407,0.6221265166662511,0.600934381513108,0.6432458072674685,0.8,mean,qi,0,TRUE,0.6208378162700683
408,0.15310615521959955,0.13844097220710241,0.16759451254858884,0.8,mean,qi,0,TRUE,0.1567949065938592
409,0.1912210824562163,0.17445679565377306,0.20786523274308122,0.8,mean,qi,0,TRUE,0.19854787248186767
410,0.627038335870773,0.6066617539917387,0.6480753599489955,0.8,mean,qi,0,TRUE,0.658424046356231
411,0.20024602651741427,0.18457213797065838,0.21676755998895247,0.8,mean,qi,0,TRUE,0.21410839282907546
412,0.9004818646171829,0.8881528824150462,0.9126203825890127,0.8,mean,qi,0,TRUE,0.9059031202923506
413,0.8996035970865851,0.8842111465777616,0.9147625787997877,0.8,mean,qi,0,TRUE,0.9019728025887161
414,0.3745359782541941,0.3545193486416406,0.39444813545625,0.8,mean,qi,0,TRUE,0.3668101062066853
415,0.9674686370713163,0.954529828015917,0.9803826704204499,0.8,mean,qi,0,TRUE,0.9789187901187688
416,0.42769213453986377,0.406179467089547,0.4494906781598355,0.8,mean,qi,0,TRUE,0.44500602479092777
417,0.8447990394644487,0.8278993043644367,0.8621220908056362,0.8,mean,qi,0,TRUE,0.846353625645861
418,0.8772468636920948,0.86169193096455,0.8930062183460015,0.8,mean,qi,0,TRUE,0.8666051495820284
419,0.013255821209671307,0.008121424498352047,0.01887037046058776,0.8,mean,qi,0,TRUE,0.013924515573307872
420,0.8043124546458671,0.7875873603958584,0.820733436178021,0.8,mean,qi,0,TRUE,0.7951925483066589
421,0.20465097104002375,0.18770833476616794,0.22188008398588946,0.8,mean,qi,0,TRUE,0.2110438891686499
422,0.8351300398710519,0.8190550239640066,0.8516285402622205,0.8,mean,qi,0,TRUE,0.86990916589275
423,0.07352685640371039,0.0605131970808604,0.08683641362741822,0.8,mean,qi,0,TRUE,0.06991440616548061
424,0.27079845675768244,0.2527355373695785,0.2892801146049701,0.8,mean,qi,0,TRUE,0.28506969730369747
425,0.8846596589439141,0.8676448408408062,0.9014298625105678,0.8,mean,qi,0,TRUE,0.8630730004515499
426,0.20155313890602472,0.18467406533641792,0.2189329585889837,0.8,mean,qi,0,TRUE,0.22085179132409394
427,0.69801759773483,0.678941547126997,0.716534679781757,0.8,mean,qi,0,TRUE,0.7056475412100554
428,0.19823443329021512,0.18204664573065105,0.21457468673596924,0.8,mean,qi,0,TRUE,0.2183748499955982
429,0.36642016784015674,0.34596781078000693,0.38727169711107,0.8,mean,qi,0,TRUE,0.35168079123832285
430,0.3106888091119649,0.29235051950599755,0.33000234525619226,0.8,mean,qi,0,TRUE,0.3190383785404265
431,0.5516296458877975,0.5310870298578019,0.5716493608221,0.8,mean,qi,0,TRUE,0.5344832956325263
432,0.6197253153090104,0.59797863835178,0.6414512927492634,0.8,mean,qi,0,TRUE,0.6225056636612862
433,0.9837861267221829,0.9706938155980578,0.9958591575301597,0.8,mean,qi,0,TRUE,0.9851437704637647
434,0.18755534848728062,0.17102066405421051,0.20482510030707013,0.8,mean,qi,0,TRUE,0.18344931351020932
435,0.5390738091045992,0.5161715906791048,0.5619909327469687,0.8,mean,qi,0,TRUE,0.5221302038989961
436,0.9182460138327104,0.9047018610298633,0.9317893378539661,0.8,mean,qi,0,TRUE,0.9103754267562181
437,0.06895531025527937,0.0586992290196343,0.07982610082404072,0.8,mean,qi,0,TRUE,0.06303700571879745
438,0.15121742508395175,0.13798416000931424,0.16512570620126232,0.8,mean,qi,0,TRUE,0.15085994126275182
439,0.6383409773938654,0.6198360436000814,0.6559936930311222,0.8,mean,qi,0,TRUE,0.6471219731029123
440,0.6806220992175879,0.662588941325888,0.6991202205584588,0.8,mean,qi,0,TRUE,0.6850241371430457
441,0.6170873406904388,0.5953634601344219,0.6384741231873305,0.8,mean,qi,0,TRUE,0.632192182354629
442,0.8232985322467545,0.8088015759766165,0.8383597174487085,0.8,mean,qi,0,TRUE,0.802826413186267
443,0.8976835502990126,0.8814031222264016,0.9141439216966916,0.8,mean,qi,0,TRUE,0.9010625935625285
444,0.18652684299108654,0.17036870492953174,0.20293236130959114,0.8,mean,qi,0,TRUE,0.18226556084118783
445,0.5476846048080272,0.5256543021016236,0.570238145021198,0.8,mean,qi,0,TRUE,0.5488381760660559
446,0.2678099212544597,0.25008277477588575,0.2860074096864257,0.8,mean,qi,0,TRUE,0.2901329272426665
447,0.5854447852110919,0.5633819638355287,0.6077586320606934,0.8,mean,qi,0,TRUE,0.5835608241613954
448,0.9337592800037466,0.92045232350433,0.9470780727501356,0.8,mean,qi,0,TRUE,0.9608613192103803
449,0.10120292830137696,0.08753918495165607,0.1150823063640047,0.8,mean,qi,0,TRUE,0.10661397245712578
450,0.2465148937862313,0.22927273579126725,0.26374481211038925,0.8,mean,qi,0,TRUE,0.2663122364319861
451,0.2964905231943089,0.2771744266691427,0.31628538746516194,0.8,mean,qi,0,TRUE,0.29823744646273553
452,0.9662578914680305,0.9537847509047654,0.9787338395789934,0.8,mean,qi,0,TRUE,0.9720656422432512
453,0.5131224191387809,0.4922155468686581,0.5341114124448385,0.8,mean,qi,0,TRUE,0.49749597045592964
454,0.43812014732328275,0.4176241179599625,0.45960886076162133,0.8,mean,qi,0,TRUE,0.43964728084392846
455,0.3924771728668057,0.37127576494507697,0.41385311528241525,0.8,mean,qi,0,TRUE,0.40013152128085494
456,0.5519676000405496,0.5297403077625704,0.5741402974365216,0.8,mean,qi,0,TRUE,0.5368415529374033
457,0.2757419871669682,0.2567399829628546,0.29498253750495657,0.8,mean,qi,0,TRUE,0.2957411855459213
458,0.7145682303854078,0.6964227291813961,0.732006855044437,0.8,mean,qi,0,TRUE,0.7103430544957519
459,0.8522839086173138,0.8336447467832961,0.871361746514554,0.8,mean,qi,0,TRUE,0.8678779734764248
460,0.2697063483839754,0.25228775748401555,0.28725278911478325,0.8,mean,qi,0,TRUE,0.27193328528665006
461,0.7967315338682097,0.7768072021847308,0.816466205690764,0.8,mean,qi,0,TRUE,0.8080135947093368
462,0.9851886445625737,0.9726640685839488,0.9961466542559047,0.8,mean,qi,0,TRUE,0.97582638845779
463,0.297405963845659,0.27983236593406147,0.3160717271346908,0.8,mean,qi,0,TRUE,0.2935961503535509
464,0.6212320581823522,0.6009778366552421,0.6420330208868182,0.8,mean,qi,0,TRUE,0.6335282942745835
465,0.2817416094258804,0.2633712123319406,0.300391988772326,0.8,mean,qi,0,TRUE,0.2612983826547861
466,0.04395309760943139,0.03195616655581838,0.0564568497060652,0.8,mean,qi,0,TRUE,0.06456192303448915
467,0.1643572403378354,0.14970513283764889,0.1792756632849356,0.8,mean,qi,0,TRUE,0.18134217942133546
468,0.37084562414718447,0.35107483122625127,0.3906597792512878,0.8,mean,qi,0,TRUE,0.3770680089946836
469,0.12769222675727365,0.11377510674162884,0.14246552801924034,0.8,mean,qi,0,TRUE,0.1249295100569725
470,0.6154151264731479,0.5956217368254862,0.6351226085939529,0.8,mean,qi,0,TRUE,0.6373384413309395
471,0.2832330337372902,0.26473985494926683,0.3023913879636218,0.8,mean,qi,0,TRUE,0.2862489528488368
472,0.24446894057450122,0.22749616554933313,0.2618390691740899,0.8,mean,qi,0,TRUE,0.25149669381789863
473,0.04015309123894228,0.03260739799278935,0.04811430201276183,0.8,mean,qi,0,TRUE,0.037391285644844174
474,0.6762315757053462,0.6573245553323368,0.695280526734517,0.8,mean,qi,0,TRUE,0.6799042031634599
475,0.5294505642533552,0.5076728307662767,0.5506844768938858,0.8,mean,qi,0,TRUE,0.5488085255492479
476,0.7310668866752251,0.710111086627352,0.7520801498970849,0.8,mean,qi,0,TRUE,0.7338838926516473
477,0.13638504770953613,0.12198645552869304,0.1510345818371219,0.8,mean,qi,0,TRUE,0.1307690052781254
478,0.36427568297175894,0.3438279151545276,0.3854916442648267,0.8,mean,qi,0,TRUE,0.35647305636666715
479,0.016451529212468823,0.01041423960581285,0.022932714170856263,0.8,mean,qi,0,TRUE,0.015129595762118697
480,0.22544181381666578,0.20991403189868296,0.24165205163315664,0.8,mean,qi,0,TRUE,0.22239532391540706
481,0.05094041291593021,0.04056517881260795,0.06205480587622338,0.8,mean,qi,0,TRUE,0.04861056455411017
482,0.6331280376887063,0.612098204968477,0.6541949584991762,0.8,mean,qi,0,TRUE,0.6404511560685933
483,0.7335221826346363,0.7137346891974112,0.7531767348902629,0.8,mean,qi,0,TRUE,0.727626952342689
484,0.6461656522864289,0.6245279275121219,0.6676812063167831,0.8,mean,qi,0,TRUE,0.625590413575992
485,0.15859398013046658,0.14384700652505994,0.17326567881186378,0.8,mean,qi,0,TRUE,0.15120824240148067
486,0.755564765370508,0.7378170540369021,0.7733619291019659,0.8,mean,qi,0,TRUE,0.7486365004442632
487,0.48575407449834496,0.4643879684832176,0.5071211728251231,0.8,mean,qi,0,TRUE,0.48632683767937124
488,0.43934672805362696,0.42069029294779187,0.4590009094310456,0.8,mean,qi,0,TRUE,0.45167171861976385
489,0.8200412086451111,0.8013935880885024,0.8388382857602963,0.8,mean,qi,0,TRUE,0.8206500227097422
490,0.40730418569312304,0.3877419912355432,0.42720511230823244,0.8,mean,qi,0,TRUE,0.4211310832761228
491,0.3260468067308056,0.3055464661226777,0.34733170799971874,0.8,mean,qi,0,TRUE,0.3234511516056955
492,0.2009429368421262,0.1844648918529617,0.2178220707802849,0.8,mean,qi,0,TRUE,0.21666161343455315
493,0.5760695986154937,0.5543160673544038,0.5982355428699903,0.8,mean,qi,0,TRUE,0.5398134347051382
494,0.164439330803152,0.14897810330055625,0.180306432977614,0.8,mean,qi,0,TRUE,0.1652837034780532
495,0.44328958938110363,0.42186270870587905,0.46477972465017864,0.8,mean,qi,0,TRUE,0.44851460168138146
496,0.8459652180211437,0.8304242111098392,0.8615822591383726,0.8,mean,qi,0,TRUE,0.8485403284430504
497,0.438959332109807,0.41806719549395516,0.45996529656229107,0.8,mean,qi,0,TRUE,0.43526157550513744
498,0.08679570507880094,0.07353390403796663,0.10039189395454981,0.8,mean,qi,0,TRUE,0.09263914381153882
499,0.5606611366101739,0.5394870806812209,0.5815276050257779,0.8,mean,qi,0,TRUE,0.53970594285056
500,0.5202934233655264,0.49696189011216135,0.5434336125442204,0.8,mean,qi,0,TRUE,0.5065547151025385
501,0.0342625914109595,0.02657071284664545,0.042585860652701375,0.8,mean,qi,0,TRUE,0.03211188782006502
502,0.19700063243025384,0.1811528659576016,0.21261426272148878,0.8,mean,qi,0,TRUE,0.1941473833285272
503,0.1405420510154586,0.12575220702598602,0.15577224361789085,0.8,mean,qi,0,TRUE,0.12826515454798937
504,0.4209260733353686,0.4003449372977535,0.44150156407083385,0.8,mean,qi,0,TRUE,0.3862105100415647
505,0.45041718568298345,0.43022952234232126,0.47140282619699003,0.8,mean,qi,0,TRUE,0.4662107387557626
506,0.8733412189243362,0.8557219346885553,0.8903066394334929,0.8,mean,qi,0,TRUE,0.8853018323425204
507,0.05955214258039219,0.04881114251635602,0.07100865801490426,0.8,mean,qi,0,TRUE,0.050523642217740417
508,0.5584980666909619,0.5381493388192544,0.5790867528865894,0.8,mean,qi,0,TRUE,0.5451714599039406
509,0.46080249718059935,0.43951337113518,0.4817354448083918,0.8,mean,qi,0,TRUE,0.4711950805503875
510,0.12227862231146874,0.10789662955620788,0.1372212770691779,0.8,mean,qi,0,TRUE,0.1515682628378272
511,0.8123257338576012,0.7940996304472387,0.8308621888098284,0.8,mean,qi,0,TRUE,0.8270354582928121
512,0.208406098372538,0.19188725469230175,0.22555208709304458,0.8,mean,qi,0,TRUE,0.21409980580210686
513,0.9882198238727926,0.9777635628493583,0.9973757314391815,0.8,mean,qi,0,TRUE,0.9795842010062188
514,0.7350903108924952,0.7153019377785104,0.7544892192492006,0.8,mean,qi,0,TRUE,0.7219853580463678
515,0.8959520645522784,0.8808651637706475,0.9113323305211223,0.8,mean,qi,0,TRUE,0.9087037052959204
516,0.952770293935214,0.9362652949972471,0.9695683222932333,0.8,mean,qi,0,TRUE,0.9392857642378658
517,0.6735108538067284,0.6516998705468587,0.6947131282267464,0.8,mean,qi,0,TRUE,0.6864503261167556
518,0.8117743764029173,0.7923708328322893,0.8311779203691464,0.8,mean,qi,0,TRUE,0.8114668114576489
519,0.0545703435726911,0.04355471707020289,0.0656577408682991,0.8,mean,qi,0,TRUE,0.054361219983547926
520,0.7450045703607949,0.7260075534328765,0.7632348989913842,0.8,mean,qi,0,TRUE,0.7151967331301421
521,0.5738606929352925,0.5535739742685343,0.5930712521857474,0.8,mean,qi,0,TRUE,0.580310489051044
522,0.10084571013620905,0.0863534652421202,0.11573255499341784,0.8,mean,qi,0,TRUE,0.08762004971504211
523,0.5147152287472044,0.49070685436961303,0.5384125339370434,0.8,mean,qi,0,TRUE,0.5199759316165
524,0.052042047649512445,0.04100012543726268,0.0638320778690271,0.8,mean,qi,0,TRUE,0.05676851328462362
525,0.9212178915614783,0.9009896778109179,0.9414633183171732,0.8,mean,qi,0,TRUE,0.9288703936617821
526,0.7107082633110046,0.689494156641664,0.7315936057208396,0.8,mean,qi,0,TRUE,0.73173419223167
527,0.9809656537886635,0.9650203307480105,0.9953322356297472,0.8,mean,qi,0,TRUE,0.9816433878149837
528,0.031232791572571084,0.023486452337750527,0.03964574476462064,0.8,mean,qi,0,TRUE,0.041017657378688455
529,0.6348569255991964,0.6112091161454544,0.6583825675758923,0.8,mean,qi,0,TRUE,0.6395437165629119
530,0.07455110265814442,0.06445023070232789,0.08503747662926966,0.8,mean,qi,0,TRUE,0.07536466396413743
531,0.8813531593891746,0.8633543738568821,0.8985708700599506,0.8,mean,qi,0,TRUE,0.8448092935141176
532,0.033920330822771204,0.025569282977749696,0.04290470217199627,0.8,mean,qi,0,TRUE,0.04176586982794106
533,0.5485189281282664,0.5248621621871234,0.5726689500544059,0.8,mean,qi,0,TRUE,0.5437608326319605
534,0.8835147936276743,0.8679311592553418,0.8985914151000922,0.8,mean,qi,0,TRUE,0.8746682617347687
535,0.9827096601166505,0.9709898261175772,0.9941252547265215,0.8,mean,qi,0,TRUE,0.9682777882553637
536,0.5738357095411264,0.5483691472365171,0.6008604346982714,0.8,mean,qi,0,TRUE,0.5744520814623684
537,0.0827123828698051,0.07099956429721596,0.09482411475967258,0.8,mean,qi,0,TRUE,0.07786962273530662
538,0.10457184410174877,0.09177753823797463,0.11764626088545538,0.8,mean,qi,0,TRUE,0.08638758468441665
539,0.6350946923784679,0.6128536281856517,0.656679986306867,0.8,mean,qi,0,TRUE,0.6250610435381532
540,0.19072185848278522,0.1749855942368892,0.20669003132207975,0.8,mean,qi,0,TRUE,0.20495721278712153
541,0.5213559641217993,0.49871570546561206,0.5440043548454552,0.8,mean,qi,0,TRUE,0.5329751290846616
542,0.20211849553102187,0.1863948195538246,0.218350769739916,0.8,mean,qi,0,TRUE,0.20189320179633796
543,0.8965393091512454,0.8811472379730403,0.911412490220761,0.8,mean,qi,0,TRUE,0.880810228176415
544,0.6836043373802337,0.6618418226919801,0.7049983950109213,0.8,mean,qi,0,TRUE,0.6616739802993834
545,0.7469288295681029,0.7302781515365914,0.7632763560541307,0.8,mean,qi,0,TRUE,0.7391229702625424
546,0.514894887872026,0.49311974821398585,0.5361307162949193,0.8,mean,qi,0,TRUE,0.5009181315544993
547,0.15257789724112955,0.13788141881729557,0.16777910374063487,0.8,mean,qi,0,TRUE,0.1304616378620267
548,0.4769326519171996,0.45479879319630756,0.5001394389449103,0.8,mean,qi,0,TRUE,0.5131756789050996
549,0.1543355339773732,0.13905627289468908,0.16971270446881914,0.8,mean,qi,0,TRUE,0.15288618905469775
550,0.15684067645406008,0.14274221178567822,0.1720526855719854,0.8,mean,qi,0,TRUE,0.14064696221612394
551,0.018906223471698912,0.012326986928188526,0.02575915988806304,0.8,mean,qi,0,TRUE,0.018622667528688908
552,0.19528949025486966,0.17904010135538115,0.21144361290324212,0.8,mean,qi,0,TRUE,0.19190435949712992
553,0.6577844866619581,0.6343704155412642,0.6803673785138902,0.8,mean,qi,0,TRUE,0.7051186223980039
554,0.43900663488880376,0.41772241642638613,0.4603716513401343,0.8,mean,qi,0,TRUE,0.45252001588232815
555,0.48462567702476933,0.4622568625123241,0.5073142702697747,0.8,mean,qi,0,TRUE,0.4850666143465787
556,0.4838693327269927,0.46251084363567785,0.5058069429739094,0.8,mean,qi,0,TRUE,0.4660720725078136
557,0.6085809685187258,0.5860876683341325,0.6310814953698185,0.8,mean,qi,0,TRUE,0.6080333518330008
558,0.5440257503798053,0.5229460735251763,0.5655977201759412,0.8,mean,qi,0,TRUE,0.5421504708938301
559,0.40909515504467364,0.38777207451237916,0.430440313772331,0.8,mean,qi,0,TRUE,0.40721717197448015
560,0.4377425299557351,0.41718890236856976,0.4588450217137011,0.8,mean,qi,0,TRUE,0.4263901775702834
561,0.3367095511272422,0.3178620764505263,0.35609226528972543,0.8,mean,qi,0,TRUE,0.3322242321446538
562,0.49487202337591,0.47261039526736853,0.5175000633142618,0.8,mean,qi,0,TRUE,0.5154101194348186
563,0.3433206208385113,0.32401707946922026,0.36314441660983027,0.8,mean,qi,0,TRUE,0.3492369141895324
564,0.09563158046424267,0.0840117931047072,0.10726404605100844,0.8,mean,qi,0,TRUE,0.09737435216084123
565,0.25807968015596155,0.2411199280826798,0.27479895665053866,0.8,mean,qi,0,TRUE,0.2700094173196703
566,0.4868936201740193,0.4661494766263937,0.5081971230179085,0.8,mean,qi,0,TRUE,0.48894800851121545
567,0.4696421705606295,0.44924569127401226,0.4899067619054377,0.8,mean,qi,0,TRUE,0.4573232210241258
568,0.5005576073276249,0.47786944125306036,0.523379821269278,0.8,mean,qi,0,TRUE,0.500285518122837
569,0.6168466784138918,0.5975029061586707,0.6361257608974531,0.8,mean,qi,0,TRUE,0.6174845371861011
570,0.5435874980422722,0.5207653433576611,0.5662714398574654,0.8,mean,qi,0,TRUE,0.5610469118691981
571,0.9131289231379583,0.89317614308699,0.9330508890066636,0.8,mean,qi,0,TRUE,0.9174040069337934
572,0.8166252237081645,0.7963812695886269,0.836799879530606,0.8,mean,qi,0,TRUE,0.8378493431955576
573,0.5309233775504919,0.5095554115945198,0.551828743279871,0.8,mean,qi,0,TRUE,0.5115285825449973
574,0.6157981466534636,0.5953292296203305,0.6358878484431995,0.8,mean,qi,0,TRUE,0.591276781167835
575,0.697955058638972,0.6770697713398947,0.7195966587795724,0.8,mean,qi,0,TRUE,0.7047520715277642
576,0.3876792004268879,0.36685257123945014,0.4085236595405316,0.8,mean,qi,0,TRUE,0.38969968212768435
577,0.6546502653074093,0.6349508334684445,0.6733179467887248,0.8,mean,qi,0,TRUE,0.656322586350143
578,0.9638757272193414,0.9494984841570717,0.9781754814591875,0.8,mean,qi,0,TRUE,0.9677711755502969
579,0.5214742119756525,0.5007106649948758,0.5422860422225423,0.8,mean,qi,0,TRUE,0.4862094181589782
580,0.16551696343982672,0.14927380011504518,0.18162480441255893,0.8,mean,qi,0,TRUE,0.1622736738063395
581,0.7545605387168738,0.7373610430789702,0.7715900870642722,0.8,mean,qi,0,TRUE,0.752678795484826
582,0.8438889213043937,0.8302168869011854,0.85731736119916,0.8,mean,qi,0,TRUE,0.8510984033346176
583,0.6546866135518229,0.633467744552881,0.6755225813424669,0.8,mean,qi,0,TRUE,0.6350459135137498
584,0.9908787576180534,0.9813430511102059,0.9986364300885157,0.8,mean,qi,0,TRUE,0.9954668076243252
585,0.3392509252990082,0.32060936697165165,0.358001609193,0.8,mean,qi,0,TRUE,0.33865466993302107
586,0.27322061091679495,0.25487902021652165,0.29130287359430695,0.8,mean,qi,0,TRUE,0.278691400308162
587,0.8609606136176557,0.8452609749865849,0.8766883520590047,0.8,mean,qi,0,TRUE,0.8521856719162315
588,0.38257767240090607,0.3623835904140484,0.4034098209673922,0.8,mean,qi,0,TRUE,0.39879573229700327
589,0.8143175049797818,0.7941855903516719,0.8336202704819238,0.8,mean,qi,0,TRUE,0.7954929256811738
590,0.9142581290334917,0.8991586356889767,0.9291667801519565,0.8,mean,qi,0,TRUE,0.9198952680453658
591,0.6035977144972721,0.5839316143294532,0.6228279138079743,0.8,mean,qi,0,TRUE,0.5684280376881361
592,0.2969806124124708,0.2774796738942443,0.31700961024688223,0.8,mean,qi,0,TRUE,0.2697191438637674
593,0.07325338609601659,0.06194721858134179,0.08476268181192974,0.8,mean,qi,0,TRUE,0.06664775521494448
594,0.0203659338562017,0.012868153150906158,0.028509280506121108,0.8,mean,qi,0,TRUE,0.008583147544413805
595,0.801055819611922,0.7805880661915311,0.8214254612071832,0.8,mean,qi,0,TRUE,0.8230918489862233
596,0.22528120651325995,0.20762323212418676,0.24252896626739906,0.8,mean,qi,0,TRUE,0.19624474016018212
597,0.5498820117879807,0.52706494563086,0.5721932002970551,0.8,mean,qi,0,TRUE,0.5591809910256416
598,0.11716460199533661,0.10295125736511784,0.13132811335806446,0.8,mean,qi,0,TRUE,0.11460160813294351
599,0.10315111284466152,0.09055071684683248,0.1163893168074563,0.8,mean,qi,0,TRUE,0.11778846057131886
600,0.04165197219828123,0.03207135922067489,0.051462660020552844,0.8,mean,qi,0,TRUE,0.04962031589820981
601,0.855987183009869,0.8396398228763411,0.8720161684921909,0.8,mean,qi,0,TRUE,0.8603428287897259
602,0.2869513979088111,0.2691429935722452,0.305341932436569,0.8,mean,qi,0,TRUE,0.28446455183438957
603,0.8323199974971496,0.8127709055679815,0.8513605820784599,0.8,mean,qi,0,TRUE,0.8236271538771689
604,0.5383654960619085,0.5165748307851874,0.5596755008966592,0.8,mean,qi,0,TRUE,0.5612091375514865
605,0.36192166243788865,0.3424865931327077,0.3810989737397205,0.8,mean,qi,0,TRUE,0.37203346309252083
606,0.5298056307518816,0.5077528011324389,0.551765950202128,0.8,mean,qi,0,TRUE,0.4988669890444726
607,0.23583948204460883,0.21849343264543106,0.252934527200146,0.8,mean,qi,0,TRUE,0.24868210614658892
608,0.11463238312070675,0.09979753086001475,0.12965161478824483,0.8,mean,qi,0,TRUE,0.12569688959047198
609,0.14406121472318761,0.12912947608640374,0.1591372327323062,0.8,mean,qi,0,TRUE,0.15762786590494215
610,0.6334808454435756,0.6137414451403224,0.6539143642720076,0.8,mean,qi,0,TRUE,0.6381653104908764
611,0.7651100617625198,0.7443517732756691,0.7850217812661864,0.8,mean,qi,0,TRUE,0.7647607629187405
612,0.72360484857275,0.7045461063493553,0.7425557092212606,0.8,mean,qi,0,TRUE,0.7063397602178156
613,0.36274334055171853,0.3430686097374667,0.38295857154290197,0.8,mean,qi,0,TRUE,0.3574790384154767
614,0.5219050015257577,0.4985777880006024,0.5463205197424295,0.8,mean,qi,0,TRUE,0.5312423412688076
615,0.9143174457623902,0.900589341071541,0.9281425632433621,0.8,mean,qi,0,TRUE,0.9132806621491909
616,0.6701334935624693,0.6507623602746571,0.6892115866167992,0.8,mean,qi,0,TRUE,0.6774739632382989
617,0.46260822085303743,0.4416581767318303,0.4838782993752048,0.8,mean,qi,0,TRUE,0.45412953989580274
618,0.12383319131397581,0.10932655231648575,0.13836817676399693,0.8,mean,qi,0,TRUE,0.12354271137155592
619,0.3877881829983407,0.36737894583294506,0.408210848097294,0.8,mean,qi,0,TRUE,0.3703244791831821
620,0.16950556710197204,0.15335606118717193,0.18585775871522958,0.8,mean,qi,0,TRUE,0.16859236732125282
621,0.48569376154951904,0.4648300732323495,0.5074557649888225,0.8,mean,qi,0,TRUE,0.4597596428357065
622,0.2813528137129346,0.2628557832006968,0.2997548891753591,0.8,mean,qi,0,TRUE,0.27314448240213096
623,0.1397012175687732,0.1246658444088236,0.15452657254239693,0.8,mean,qi,0,TRUE,0.13548062392510474
624,0.19720789691754723,0.18145998763122068,0.21362173146993152,0.8,mean,qi,0,TRUE,0.17852789256721735
625,0.12224845273231395,0.10901353426368537,0.13580945393978552,0.8,mean,qi,0,TRUE,0.15001810854300857
626,0.5210332921141322,0.498453882217862,0.5433568309556517,0.8,mean,qi,0,TRUE,0.50769407232292
627,0.922072451755057,0.9094883600021217,0.9343589003023988,0.8,mean,qi,0,TRUE,0.9119040237274021
628,0.7278458847233595,0.7090499573892414,0.747264753530916,0.8,mean,qi,0,TRUE,0.7320672073401511
629,0.11288204961602152,0.09941096835785893,0.12630058069112196,0.8,mean,qi,0,TRUE,0.10931774252094328
630,0.7975778412900728,0.7801589234406514,0.8153910185048444,0.8,mean,qi,0,TRUE,0.7965363683179021
631,0.9153563590476456,0.9017624266555029,0.9286679227333197,0.8,mean,qi,0,TRUE,0.9262062406633049
632,0.005870939668206985,0.0016656429329520036,0.010556861581630196,0.8,mean,qi,0,TRUE,0.00578844198025763
633,0.03184632386262558,0.022223379888488787,0.04244361891180885,0.8,mean,qi,0,TRUE,0.029771646484732628
634,0.18333374444362732,0.16723810228167202,0.19981329164352205,0.8,mean,qi,0,TRUE,0.19515925669111311
635,0.6662844313780149,0.6461001829242683,0.68642781704062406,0.8,mean,qi,0,TRUE,0.692992779891938
636,0.6931151735814353,0.6744320830253161,0.7117974809086469,0.8,mean,qi,0,TRUE,0.6968820991460234
637,0.7042249091661682,0.6864074558116496,0.7212772475033585,0.8,mean,qi,0,TRUE,0.693625106709078
638,0.5362577860521462,0.5128172341599333,0.5595143388605711,0.8,mean,qi,0,TRUE,0.5175443936605006
639,0.9522413020859828,0.9347063602981369,0.9699249461981105,0.8,mean,qi,0,TRUE,0.9722952956799418
640,0.03416019135508231,0.02589871731256554,0.04276011635722751,0.8,mean,qi,0,TRUE,0.04690036573447287
641,0.02868266430996963,0.021393121421225975,0.036364563678877054,0.8,mean,qi,0,TRUE,0.025505915051326156
642,0.7055884097136454,0.6875036213000938,0.723310143153513,0.8,mean,qi,0,TRUE,0.6944953612983227
643,0.40698356871849634,0.3852228476488509,0.4286183262797124,0.8,mean,qi,0,TRUE,0.40427539264783263
644,0.6735793466990323,0.6486806007777624,0.6977626993197438,0.8,mean,qi,0,TRUE,0.6690972240176052
645,0.596511765701938,0.5751871521317491,0.617623491839386,0.8,mean,qi,0,TRUE,0.6265937378630042
646,0.4231454797946755,0.40045950650317746,0.4467761112000795,0.8,mean,qi,0,TRUE,0.39523068931885064
647,0.4887522316030884,0.46688730534065376,0.5115614740396724,0.8,mean,qi,0,TRUE,0.49899329897016287
648,0.23018174282582043,0.21252818805373158,0.2479332192693,0.8,mean,qi,0,TRUE,0.24042321485467255
649,0.3758426128598484,0.35525823004915114,0.39682060675854314,0.8,mean,qi,0,TRUE,0.3746779642533511
650,0.2636517123242362,0.24613415993295126,0.28158337862404526,0.8,mean,qi,0,TRUE,0.2885777612682432
651,0.7360063329155427,0.7159293268281366,0.7556640897259074,0.8,mean,qi,0,TRUE,0.7105199606157839
652,0.5905892407521944,0.5676070309755713,0.6135997517483295,0.8,mean,qi,0,TRUE,0.6113023434299976
653,0.13425109081808742,0.1200493458500439,0.14928159803829935,0.8,mean,qi,0,TRUE,0.14318136614747345
654,0.9577168833893999,0.9394525266705982,0.9759924652594366,0.8,mean,qi,0,TRUE,0.9247238270472735
655,0.6279227482651553,0.6066081305646933,0.6484893928786095,0.8,mean,qi,0,TRUE,0.637127848342061
656,0.6370394172226391,0.6177017104348421,0.6560861963742073,0.8,mean,qi,0,TRUE,0.6368154208175838
657,0.5146226047158257,0.4909122899298841,0.5385912990417046,0.8,mean,qi,0,TRUE,0.5257284780964255
658,0.2422151337643045,0.22516328258809745,0.2589586704691855,0.8,mean,qi,0,TRUE,0.2687998032197356
659,0.6475471150602755,0.6232455022165918,0.6710394186356632,0.8,mean,qi,0,TRUE,0.6418166980147362
660,0.12124627505592556,0.10791969095823203,0.1345232155927469,0.8,mean,qi,0,TRUE,0.12128962436690927
661,0.8600182786184064,0.8425006179853223,0.8777397389623542,0.8,mean,qi,0,TRUE,0.8406006854493171
662,0.12566001012980188,0.11113793395491599,0.14067684606189015,0.8,mean,qi,0,TRUE,0.11376103921793401
663,0.5695567320575299,0.5482515442640922,0.5910291562003209,0.8,mean,qi,0,TRUE,0.5821470620576292
664,0.3374767551404213,0.31678644380407284,0.3579937442784501,0.8,mean,qi,0,TRUE,0.34821580024436116
665,0.40037072456302664,0.37981017278290435,0.4211606583391143,0.8,mean,qi,0,TRUE,0.40674909204244614
666,0.12580384198340525,0.1122489152603911,0.13970706008361883,0.8,mean,qi,0,TRUE,0.13361386791802943
667,0.5169279177328884,0.4948202234689163,0.5391819039655534,0.8,mean,qi,0,TRUE,0.5322109307162464
668,0.3144160262904293,0.2950463627499578,0.33402666187480273,0.8,mean,qi,0,TRUE,0.32337849773466587
669,0.5810528905397545,0.5589597609190308,0.6035527017513693,0.8,mean,qi,0,TRUE,0.598685588221997
670,0.3483442902705515,0.3288236123543306,0.3684020692468947,0.8,mean,qi,0,TRUE,0.3450693504419178
671,0.5496874548944302,0.5293508063336683,0.5694209658857619,0.8,mean,qi,0,TRUE,0.5597243888769299
672,0.5019357373657033,0.4802827640990035,0.5236532908813302,0.8,mean,qi,0,TRUE,0.5069374369923025
673,0.790312922266294,0.7744456616130149,0.8060908235247555,0.8,mean,qi,0,TRUE,0.8021542115602642
674,0.23432810224364814,0.21733684436422446,0.25096519351232144,0.8,mean,qi,0,TRUE,0.22938019037246704
675,0.3207350656290938,0.30057392631289176,0.3413007071799361,0.8,mean,qi,0,TRUE,0.3239888676907867
676,0.4185147699334088,0.39567823749230235,0.4406036423135154,0.8,mean,qi,0,TRUE,0.41062179929576814
677,0.4267649839750136,0.4064771153195669,0.4470615003243694,0.8,mean,qi,0,TRUE,0.408377485582605
678,0.3172701132352319,0.29875197916407276,0.3366488880076861,0.8,mean,qi,0,TRUE,0.32168471557088196
679,0.040987342484815115,0.03226860963885741,0.05022896700518618,0.8,mean,qi,0,TRUE,0.046015597181394696
680,0.7034989963851633,0.6810384687819486,0.7256509109167869,0.8,mean,qi,0,TRUE,0.7165377577766776
681,0.36509393576337534,0.3450935174691544,0.38538432221365365,0.8,mean,qi,0,TRUE,0.36321426555514336
682,0.08611256711561362,0.0743578743660825,0.0981361910554666,0.8,mean,qi,0,TRUE,0.08671684353612363
683,0.646417189500863,0.6262668973775753,0.6671924641285077,0.8,mean,qi,0,TRUE,0.6427186133805662
684,0.6386095584752727,0.6182521829139954,0.65896819142592,0.8,mean,qi,0,TRUE,0.6540526486933231
685,0.2003827147479802,0.18430675491076473,0.2169974571859692,0.8,mean,qi,0,TRUE,0.2061563078314066
686,0.5621909051827442,0.5402708853412598,0.5839466193510283,0.8,mean,qi,0,TRUE,0.5363778327591717
687,0.8909526986691133,0.8765517022305731,0.9050968739254993,0.8,mean,qi,0,TRUE,0.8954441912937909
688,0.3574163659258259,0.3385505111912735,0.37687034073316383,0.8,mean,qi,0,TRUE,0.32872516801580787
689,0.9182705928201208,0.9023336924139987,0.9344802609296685,0.8,mean,qi,0,TRUE,0.9325087363831699
690,0.6408572305969544,0.6198180327880461,0.6626152883918779,0.8,mean,qi,0,TRUE,0.6232525671366602
691,0.13481797733940384,0.1204793889750019,0.14931615891130173,0.8,mean,qi,0,TRUE,0.13576740049757063
692,0.9700108601961153,0.955481127265791,0.9842736843159631,0.8,mean,qi,0,TRUE,0.966095267329365
693,0.006926583652672978,0.0020168747403924094,0.0122250831075608,0.8,mean,qi,0,TRUE,0.006238431669771671
694,0.36928355027007154,0.3479607909214479,0.39105506115606825,0.8,mean,qi,0,TRUE,0.3905497882515192
695,0.7114718346750739,0.6894598554819907,0.733881608198568,0.8,mean,qi,0,TRUE,0.7049827899318188
696,0.12094485004733352,0.10670010981305209,0.1354221275518209,0.8,mean,qi,0,TRUE,0.10727930068969727
697,0.6314110123128136,0.608831154803995,0.6534564579948482,0.8,mean,qi,0,TRUE,0.6718615826684982
698,0.6297116035072297,0.6036380938455771,0.6558230873259502,0.8,mean,qi,0,TRUE,0.6561900391243398
699,0.3922575550857821,0.37248471161103014,0.4133050064352511,0.8,mean,qi,0,TRUE,0.38199365697801113
700,0.6353663028105925,0.615125491244956,0.6555482084968367,0.8,mean,qi,0,TRUE,0.6768938680179417
701,0.28560462301013084,0.2664175453130719,0.305539441530145,0.8,mean,qi,0,TRUE,0.29653108259662986
702,0.7053746598957337,0.6860530851882548,0.7238951019098521,0.8,mean,qi,0,TRUE,0.7117209734860808
703,0.43617902222937016,0.41436953364111623,0.45724646254138096,0.8,mean,qi,0,TRUE,0.45065232436172664
704,0.9043144989270536,0.8909125076131863,0.9177562050380456,0.8,mean,qi,0,TRUE,0.9115277782548219
705,0.05677000596688066,0.045037340722250005,0.06948927840727724,0.8,mean,qi,0,TRUE,0.04716374562121928
706,0.9434572612771258,0.926497726532466,0.960227053337562,0.8,mean,qi,0,TRUE,0.9455846997443587
707,0.15047474057120766,0.13531491679899507,0.16552130524574157,0.8,mean,qi,0,TRUE,0.11924154544249177
708,0.4280443560708749,0.40649339076206004,0.4496599567231894,0.8,mean,qi,0,TRUE,0.43428381835110486
709,0.800505246073534,0.7805923926471283,0.82046200057176355,0.8,mean,qi,0,TRUE,0.8007278598379344
710,0.4138481767582675,0.3923135398288218,0.4352048504856223,0.8,mean,qi,0,TRUE,0.4062643153592944
711,0.8933905744891105,0.8764399375325862,0.9099936511703285,0.8,mean,qi,0,TRUE,0.9057702149730176
712,0.6648242492398476,0.6463848213190065,0.6833071121709666,0.8,mean,qi,0,TRUE,0.6519939675927162
713,0.9004359184048953,0.8858162203574294,0.9152152416041315,0.8,mean,qi,0,TRUE,0.9012095166835934
714,0.6621775095056877,0.6408258264483843,0.6839074903825935,0.8,mean,qi,0,TRUE,0.6661982913501561
715,0.10955355530078123,0.0954466441414138,0.12397604205359007,0.8,mean,qi,0,TRUE,0.10390938329510391
716,0.8960559272259498,0.8818739614431977,0.910382902059539,0.8,mean,qi,0,TRUE,0.8976101332809776
717,0.22528935360785568,0.2088023640904702,0.24234484676530063,0.8,mean,qi,0,TRUE,0.1969492167700082
718,0.6779320886437006,0.6572556885569585,0.6985936795950075,0.8,mean,qi,0,TRUE,0.6665079675149173
719,0.46673877043070916,0.4465951772520329,0.48768123533880486,0.8,mean,qi,0,TRUE,0.4550065116491169
720,0.5276356163536741,0.5055300722758765,0.5499685959190704,0.8,mean,qi,0,TRUE,0.547147830016911
721,0.11176964536482716,0.0981215873165478,0.12547710377414667,0.8,mean,qi,0,TRUE,0.12207234813831747
722,0.6899378142819809,0.6692018528139128,0.7109677245840502,0.8,mean,qi,0,TRUE,0.6703358869999647
723,0.5185576207972629,0.4975402520653475,0.539376102705815,0.8,mean,qi,0,TRUE,0.5094395659398288
724,0.09359415896901054,0.08089017915388307,0.10683711149911684,0.8,mean,qi,0,TRUE,0.08135955780744553
725,0.8705749130119467,0.8541381073802081,0.8860521235917327,0.8,mean,qi,0,TRUE,0.8800801513716578
726,0.27870405889518046,0.26084751782390464,0.2969814822057508,0.8,mean,qi,0,TRUE,0.27872003871016204
727,0.20767743015908594,0.1910914839865148,0.22440533894632528,0.8,mean,qi,0,TRUE,0.20117788040079176
728,0.0036385652346683775,6.972812661775077e-4,0.00721120522833987,0.8,mean,qi,0,TRUE,0.001346295466646552
729,0.674543358092018,0.655273085843946,0.6932584932816596,0.8,mean,qi,0,TRUE,0.6623105392791331
730,0.14353919860733863,0.1289578576215491,0.1588373278878725,0.8,mean,qi,0,TRUE,0.1537870008032769
731,0.5203779158357058,0.49869637931059163,0.5421056576591968,0.8,mean,qi,0,TRUE,0.5004571650642902
732,0.36016163636625614,0.3397334253272779,0.38049619053777833,0.8,mean,qi,0,TRUE,0.3379472594242543
733,0.25985083229852396,0.24151188452113959,0.27879393955166787,0.8,mean,qi,0,TRUE,0.25340741383843124
734,0.6010644014650094,0.5801404716286522,0.6213794293142995,0.8,mean,qi,0,TRUE,0.5976888353470713
735,0.0851252268397721,0.07397840140734474,0.09684325843581908,0.8,mean,qi,0,TRUE,0.07770526665262878
736,0.09334025115029654,0.08135195704580636,0.10573960098471359,0.8,mean,qi,0,TRUE,0.11315790168009698
737,0.9627556541324448,0.9474895353052437,0.9783952869551708,0.8,mean,qi,0,TRUE,0.9690477303229272
738,0.45805788935232883,0.4340431331819635,0.48223839088072395,0.8,mean,qi,0,TRUE,0.47245113574899733
739,0.2356695831878933,0.21812168437527124,0.2527028268206288,0.8,mean,qi,0,TRUE,0.23888808977790177
740,0.8861115120352945,0.8697593728594395,0.9023221375539864,0.8,mean,qi,0,TRUE,0.8988424295093864
741,0.22829370440862654,0.21261213599407344,0.2444283948206639,0.8,mean,qi,0,TRUE,0.23992247134447098
742,0.5739923418817208,0.5534591987463487,0.59484932898086,0.8,mean,qi,0,TRUE,0.572587673086673
743,0.8014180327662318,0.7820227841359971,0.8205495148471063,0.8,mean,qi,0,TRUE,0.7984963885974139
744,0.4962967068091824,0.4765400952278629,0.5163877965989745,0.8,mean,qi,0,TRUE,0.5022930197883397
745,0.7836270084986943,0.7660074713886968,0.801004633941427,0.8,mean,qi,0,TRUE,0.7785473617259413
746,0.47339191049994084,0.4531564128429213,0.4936998841670204,0.8,mean,qi,0,TRUE,0.4709412327501923
747,0.37924774968452657,0.36164229766382755,0.39660573167287994,0.8,mean,qi,0,TRUE,0.3732741398271173
748,0.1341656981323209,0.12000089078948642,0.14853461716830665,0.8,mean,qi,0,TRUE,0.1376206181012094
749,0.1894084415011563,0.17357179445732265,0.20510879848096408,0.8,mean,qi,0,TRUE,0.19498933316208422
750,0.5439370040658615,0.5198616819236289,0.5683364419401409,0.8,mean,qi,0,TRUE,0.5594641459174454
751,0.30011234965394185,0.28236764559025535,0.31873018958722144,0.8,mean,qi,0,TRUE,0.31116579403169453
752,0.5388062975625627,0.5151113250090411,0.5624711215653163,0.8,mean,qi,0,TRUE,0.5182945954147726
753,0.28294550111889955,0.2653690344886552,0.30107244026047436,0.8,mean,qi,0,TRUE,0.28793095727451146
754,0.8979628350153221,0.8849306173855064,0.9106996078768539,0.8,mean,qi,0,TRUE,0.8958280789665878
755,0.04930712261750135,0.0387821849300201,0.06002473812158956,0.8,mean,qi,0,TRUE,0.04867985378950834
756,0.6684539581777286,0.6431950688883038,0.6927595081373041,0.8,mean,qi,0,TRUE,0.6751439827494323
757,0.9456503763425901,0.9334492275821389,0.9581239142848251,0.8,mean,qi,0,TRUE,0.9452357077971101
758,0.33566179232055915,0.3161370040554583,0.3562673831868674,0.8,mean,qi,0,TRUE,0.3321057721041143
759,0.9199374318962454,0.9064868159889505,0.9334775804935597,0.8,mean,qi,0,TRUE,0.9190808625426143
760,0.08889031674447237,0.07518589875775543,0.10251870650731801,0.8,mean,qi,0,TRUE,0.09351651673205197
761,0.7479150006267671,0.7277513362952384,0.7680315281148206,0.8,mean,qi,0,TRUE,0.7616649318952113
762,0.12334134319243518,0.10960221910353997,0.13729672490729553,0.8,mean,qi,0,TRUE,0.12033282523043454
763,0.021856015156692603,0.015035331620516977,0.029865001018930668,0.8,mean,qi,0,TRUE,0.02237199922092259
764,0.5801107459976886,0.5566657619276391,0.6035539481580089,0.8,mean,qi,0,TRUE,0.5629488779231906
765,0.4177015608428014,0.3959179459868109,0.43982011070215055,0.8,mean,qi,0,TRUE,0.39522028574720025
766,0.3516738387952196,0.33146587293807817,0.37235945369745793,0.8,mean,qi,0,TRUE,0.3666545667219907
767,0.10960323558414757,0.09598716235876772,0.12338633830533517,0.8,mean,qi,0,TRUE,0.11153610073961318
768,0.1607740825345991,0.14532042906004292,0.1765943828410978,0.8,mean,qi,0,TRUE,0.15962717030197382
769,0.5196993687827133,0.49977899070930826,0.5406267080260407,0.8,mean,qi,0,TRUE,0.5547658898867667
770,0.2628916325800929,0.24496768994896795,0.2810191123415111,0.8,mean,qi,0,TRUE,0.2337121779564768
771,0.4139711777879244,0.3931912004236942,0.4349252219524382,0.8,mean,qi,0,TRUE,0.4210863555781543
772,0.8065839606707956,0.7887542656952056,0.8243149119950242,0.8,mean,qi,0,TRUE,0.8122601765207946
773,0.5735660114227815,0.5525393603849441,0.5955307168936648,0.8,mean,qi,0,TRUE,0.5782211220357567
774,0.6845666501341469,0.6649487221439309,0.7043348247342356,0.8,mean,qi,0,TRUE,0.6797054475173354
775,0.6353869617608279,0.6135546665112677,0.6569817837338374,0.8,mean,qi,0,TRUE,0.6479221971239895
776,0.1753279756577383,0.15971893025252326,0.19082866334674997,0.8,mean,qi,0,TRUE,0.1734628528356552
777,0.5529852051640705,0.5312784786932494,0.5748317114414867,0.8,mean,qi,0,TRUE,0.52381343068555
778,0.2131903154369682,0.1971030049405545,0.22940976554881143,0.8,mean,qi,0,TRUE,0.22435839544050395
779,0.490359947583169,0.46729873954550305,0.5137692726897417,0.8,mean,qi,0,TRUE,0.47897428553551435
780,0.9174117609486152,0.9012237433939825,0.9334425690000198,0.8,mean,qi,0,TRUE,0.8995284743141383
781,0.5920277614101682,0.5710611496217765,0.6128858199946895,0.8,mean,qi,0,TRUE,0.6099186553619802
782,0.8336198685498838,0.8178950237462036,0.849325889118441,0.8,mean,qi,0,TRUE,0.8320146352052689
783,0.19203379977483612,0.17608432821613665,0.208605669999742,0.8,mean,qi,0,TRUE,0.2349880295805633
784,0.13802982349602969,0.12319245323725735,0.1525250167302575,0.8,mean,qi,0,TRUE,0.13862297451123595
785,0.5569707308295283,0.5372201778260834,0.5766886448437712,0.8,mean,qi,0,TRUE,0.5546426840592176
786,0.2245544646532125,0.20749406816613578,0.24242665084821452,0.8,mean,qi,0,TRUE,0.24347978574223816
787,0.1483239171446304,0.13335978661697334,0.16391502119095466,0.8,mean,qi,0,TRUE,0.16568058007396758
788,0.3437152477464378,0.32361710957131,0.3643603984498046,0.8,mean,qi,0,TRUE,0.3494466708507389
789,0.979784514096348,0.9697406436587283,0.9895294144853999,0.8,mean,qi,0,TRUE,0.9872044667135924
790,0.6240388314768782,0.6039659502607351,0.644258489413956,0.8,mean,qi,0,TRUE,0.6081819629762322
791,0.7120823624110529,0.6914012756390364,0.732411023642486,0.8,mean,qi,0,TRUE,0.7147722241934389
792,0.974333296175938,0.9603599144953151,0.9879731741201403,0.8,mean,qi,0,TRUE,0.9870104072615504
793,0.851946193863091,0.8336721170569997,0.8698818956800456,0.8,mean,qi,0,TRUE,0.8565030284225941
794,0.5978215200764875,0.5725741144232361,0.6226964695473064,0.8,mean,qi,0,TRUE,0.576389983529225
795,0.38776499379543844,0.36755573165088973,0.40793014372426006,0.8,mean,qi,0,TRUE,0.3888981849886477
796,0.6115368924268464,0.5917946039279148,0.6311565705657576,0.8,mean,qi,0,TRUE,0.6238021000754088
797,0.5913116602390475,0.5685004237854391,0.6148702899149734,0.8,mean,qi,0,TRUE,0.5837248135358095
798,0.6080317233549404,0.5857885358271498,0.6303939100522848,0.8,mean,qi,0,TRUE,0.5912466286681592
799,0.9543689890857889,0.9416135464558137,0.9668526966472379,0.8,mean,qi,0,TRUE,0.9704523819964379
800,0.2556317605965984,0.2382989784591581,0.2738457489649221,0.8,mean,qi,0,TRUE,0.26141412067227066
801,0.3775087002636216,0.35715069579001435,0.3986306069412761,0.8,mean,qi,0,TRUE,0.3720923934597522
802,0.7782707459991257,0.7611867631058441,0.7954416755237462,0.8,mean,qi,0,TRUE,0.7699051219969988
803,0.8548182237310366,0.8373545064373602,0.8722191957921374,0.8,mean,qi,0,TRUE,0.8658931558020413
804,0.5199412123624635,0.4979105738403677,0.5424335421418565,0.8,mean,qi,0,TRUE,0.559662229847163
805,0.8783742437453969,0.8616567704776823,0.8944017093376131,0.8,mean,qi,0,TRUE,0.8781486172229052
806,0.34237540883734613,0.32254422905412755,0.3630348378862883,0.8,mean,qi,0,TRUE,0.344467262737453
807,0.5200595113614466,0.4981184656793347,0.5418246443235548,0.8,mean,qi,0,TRUE,0.5116872014477849
808,0.4237935580891935,0.40317386572105235,0.44543809254048344,0.8,mean,qi,0,TRUE,0.3959972173906863
809,0.02417161600188912,0.018071203315779886,0.030759358216309433,0.8,mean,qi,0,TRUE,0.019609153969213367
810,0.7868067164759596,0.7676795978980134,0.8057536449120625,0.8,mean,qi,0,TRUE,0.7658349703997374
811,0.46455159996101353,0.4441185516389865,0.4856986921295053,0.8,mean,qi,0,TRUE,0.47554199676960707
812,0.4285251091010427,0.4065689386328765,0.45049512441230644,0.8,mean,qi,0,TRUE,0.4302961826324463
813,0.8985875629749867,0.8855233988054152,0.9119922091138148,0.8,mean,qi,0,TRUE,0.897469833958894
814,0.1904670919166258,0.17417665303530172,0.20648389631096026,0.8,mean,qi,0,TRUE,0.19881179346702993
815,0.11040361882330037,0.09627797418337497,0.12505943205609543,0.8,mean,qi,0,TRUE,0.09825609368272126
816,0.07482805331342711,0.061720819914479835,0.08813409822621696,0.8,mean,qi,0,TRUE,0.08429284789599478
817,0.9890197187340313,0.9778937670723721,0.9979660526166851,0.8,mean,qi,0,TRUE,0.9953554302919656
818,0.38764011819967586,0.36830750914686067,0.4077514160908504,0.8,mean,qi,0,TRUE,0.39110674359835684
819,0.8355094958102016,0.8142737576436851,0.8577473493607545,0.8,mean,qi,0,TRUE,0.8318612608127296
820,0.5752773690620597,0.5553520797771618,0.5953573656913242,0.8,mean,qi,0,TRUE,0.5882561991456896
821,0.12456605841950968,0.11113293932810889,0.13842962421867674,0.8,mean,qi,0,TRUE,0.14468761580064893
822,0.4316437783451791,0.41027696081348397,0.4526026087172837,0.8,mean,qi,0,TRUE,0.4185498794540763
823,0.5194424659843874,0.4977395199866105,0.54079280417632,0.8,mean,qi,0,TRUE,0.5119360082317144
824,0.02725212407226727,0.01910423308666507,0.03572669663633868,0.8,mean,qi,0,TRUE,0.023319513769820333
825,0.411770071420009,0.3918708205537441,0.4321569496377838,0.8,mean,qi,0,TRUE,0.4170345556922257
826,0.8667600446446476,0.8506833268032272,0.8828727744726359,0.8,mean,qi,0,TRUE,0.8358196311164647
827,0.4156447392880299,0.39725401281406775,0.43399808129978773,0.8,mean,qi,0,TRUE,0.4071277289185673
828,0.22159495882132024,0.2050338430904382,0.23856987409435343,0.8,mean,qi,0,TRUE,0.22379805939272046
829,0.44667467882326617,0.4246021314983215,0.4687441354629013,0.8,mean,qi,0,TRUE,0.4374791458249092
830,0.2645025700493841,0.24788802000861732,0.2816786200999098,0.8,mean,qi,0,TRUE,0.27749662986025214
831,0.05621416015261694,0.044500333959173285,0.06831719273865568,0.8,mean,qi,0,TRUE,0.06202287948690355
832,0.35954951439114297,0.3395144090197452,0.3797856511329773,0.8,mean,qi,0,TRUE,0.34861731342971325
833,0.9128439915680808,0.8992492241113546,0.9267863139100843,0.8,mean,qi,0,TRUE,0.8959154584445059
834,0.9730783235287725,0.958185332556219,0.9878421707655848,0.8,mean,qi,0,TRUE,0.9789281450212002
835,0.7922839269469478,0.7766307567301243,0.8077472324777187,0.8,mean,qi,0,TRUE,0.809746503829956
836,0.19664839330676218,0.18062481737154618,0.21286028384150119,0.8,mean,qi,0,TRUE,0.20210121641866863
837,0.7907429976442648,0.7727204257225194,0.8089256266092916,0.8,mean,qi,0,TRUE,0.7995012584142387
838,0.9572551293335725,0.9418476453463749,0.9728038727219318,0.8,mean,qi,0,TRUE,0.9439674590248615
839,0.8636153148635038,0.8482552950369868,0.8787305537734673,0.8,mean,qi,0,TRUE,0.8677997677586973
840,0.5568907278953703,0.5356458903575398,0.5785270673985357,0.8,mean,qi,0,TRUE,0.5959266794379801
841,0.6688437414990938,0.6494761626832377,0.6882990331756365,0.8,mean,qi,0,TRUE,0.684990372043103
842,0.7692378596337404,0.7522533545932265,0.7864394891560921,0.8,mean,qi,0,TRUE,0.7603475372307003
843,0.49415173974969506,0.4741687932036507,0.5143239931036439,0.8,mean,qi,0,TRUE,0.475256972014904
844,0.411326799680976,0.38945276888022623,0.43347795581659115,0.8,mean,qi,0,TRUE,0.44028964499011636
845,0.9022353360475263,0.8866111129194318,0.9185345915200009,0.8,mean,qi,0,TRUE,0.8860766370780766
846,0.10909118581961542,0.09583723543277488,0.12246712698256751,0.8,mean,qi,0,TRUE,0.10865585668943822
847,0.4078996754765639,0.38704454374993147,0.4293205389026187,0.8,mean,qi,0,TRUE,0.3981876156758517
848,0.9023410602740677,0.8866824356177198,0.9175569443375566,0.8,mean,qi,0,TRUE,0.9182698195800185
849,0.4378512105152735,0.4161820145848364,0.45939079929948806,0.8,mean,qi,0,TRUE,0.43681857897900045
850,0.34204930523207416,0.322877878377396,0.36119194198956583,0.8,mean,qi,0,TRUE,0.34573160391300917
851,0.8826339835539466,0.8617988280161116,0.9038020618848888,0.8,mean,qi,0,TRUE,0.8631185591220856
852,0.7878943788709186,0.7662293905078142,0.8096670065712946,0.8,mean,qi,0,TRUE,0.77123171556741
853,0.12115400842819225,0.10729911570245258,0.13585435314766114,0.8,mean,qi,0,TRUE,0.1097396535333246
854,0.214803403186467,0.19809504110983325,0.2320705550133953,0.8,mean,qi,0,TRUE,0.23887081304565072
855,0.5983960323661797,0.5785819488671965,0.6178215084619967,0.8,mean,qi,0,TRUE,0.5761053035967052
856,0.0791768779590327,0.06582403650374778,0.09256863936498924,0.8,mean,qi,0,TRUE,0.08121387148275971
857,0.554610084757417,0.5343886441071543,0.5749631565856788,0.8,mean,qi,0,TRUE,0.5553559637628496
858,0.641542471256767,0.6240835242989556,0.6588547099478219,0.8,mean,qi,0,TRUE,0.6448987433686852
859,0.5277314647087711,0.5059788391273922,0.5492552480693904,0.8,mean,qi,0,TRUE,0.4953785249963403
860,0.9038782164687594,0.8890385445618134,0.9190311800221305,0.8,mean,qi,0,TRUE,0.9181428242009133
861,0.6832037341450814,0.6601488206604968,0.7057016431866656,0.8,mean,qi,0,TRUE,0.6539952871389687
862,0.20930812293616471,0.19332054460605272,0.22571687903747087,0.8,mean,qi,0,TRUE,0.2006080865394324
863,0.6831163582797936,0.6623525132180275,0.7043123191137033,0.8,mean,qi,0,TRUE,0.676915357587859
864,0.4987476446511873,0.4785480281000133,0.5189354991922523,0.8,mean,qi,0,TRUE,0.5064953591208905
865,0.033336412529938755,0.02544320815146517,0.04181649256131713,0.8,mean,qi,0,TRUE,0.02597803482785821
866,0.48301501475648645,0.4603073611873247,0.5055526062421266,0.8,mean,qi,0,TRUE,0.4939570021815598
867,0.6592469875065613,0.6377542155869502,0.6803268064364504,0.8,mean,qi,0,TRUE,0.6342062035109848
868,0.8483537790061813,0.8290926097379535,0.8672830694858542,0.8,mean,qi,0,TRUE,0.8528779041953385
869,0.6723898499852831,0.6524247531960442,0.6918647673537084,0.8,mean,qi,0,TRUE,0.6730443185660988
870,0.6595582252611321,0.6419965949603705,0.6769452404673083,0.8,mean,qi,0,TRUE,0.6760549468453974
871,0.4067026367019398,0.3856874358387923,0.4274841906724889,0.8,mean,qi,0,TRUE,0.4010309539735317
872,0.7056378543454873,0.6845852326181094,0.7262699668917321,0.8,mean,qi,0,TRUE,0.7060284647159278
873,0.14489059531203127,0.13000517978860893,0.16004676524277275,0.8,mean,qi,0,TRUE,0.14692533831112087
874,0.6207905133781878,0.5982987916791656,0.6436015750491764,0.8,mean,qi,0,TRUE,0.6096700082998723
875,0.709404830797661,0.6901004904679348,0.7280642620308005,0.8,mean,qi,0,TRUE,0.7016685686539859
876,0.45933895219309046,0.4394399265842828,0.479641175163849,0.8,mean,qi,0,TRUE,0.46031031012535095
877,0.5928672500589615,0.5721117654298509,0.6135837893158466,0.8,mean,qi,0,TRUE,0.6080692261457443
878,0.8431618238609986,0.8257801179401667,0.8602289692544723,0.8,mean,qi,0,TRUE,0.8556073964573443
879,0.3563464183171256,0.33666918450915084,0.3763235229630396,0.8,mean,qi,0,TRUE,0.3337988678831607
880,0.5299981581788664,0.5088768151752028,0.5507216070082128,0.8,mean,qi,0,TRUE,0.5252742504235357
881,0.32095206797446796,0.30163841054326346,0.34088044669505435,0.8,mean,qi,0,TRUE,0.32957166456617415
882,0.7866203321445424,0.76815185699271,0.8049625690898061,0.8,mean,qi,0,TRUE,0.7977614556439221
883,0.3931934740034626,0.3718756806981105,0.4147169973510582,0.8,mean,qi,0,TRUE,0.40408628317527473
884,0.05212713579983136,0.04161986742031368,0.06305215355706942,0.8,mean,qi,0,TRUE,0.05516300001181662
885,0.3693436468540646,0.34885218311316585,0.3903094668989412,0.8,mean,qi,0,TRUE,0.35949173010885715
886,0.11212941972462155,0.09725825774251262,0.1269311735293629,0.8,mean,qi,0,TRUE,0.10046088113449514
887,0.580835014573496,0.5603720984021925,0.6008464988308251,0.8,mean,qi,0,TRUE,0.5996810281649232
888,0.5725094447030911,0.5495906962951166,0.5961270025780722,0.8,mean,qi,0,TRUE,0.5758270593360066
889,0.2811952117629486,0.26289389815910225,0.2992471649598095,0.8,mean,qi,0,TRUE,0.2738719612825662
890,0.4231378914440864,0.4026344494658403,0.44310029954883506,0.8,mean,qi,0,TRUE,0.41745296865701675
891,0.9888373566596135,0.9784848168121896,0.9978463675060892,0.8,mean,qi,0,TRUE,0.9806423720438033
892,0.7154321582366605,0.694774983848588,0.7362257719262916,0.8,mean,qi,0,TRUE,0.7065009223297238
893,0.12132852872905517,0.10760548231139158,0.13576377911164306,0.8,mean,qi,0,TRUE,0.1394973078276962
894,0.32372028068809294,0.3048035115989792,0.34265345839194133,0.8,mean,qi,0,TRUE,0.30988028878346086
895,0.5084375316192596,0.4862174168682965,0.5307983595150226,0.8,mean,qi,0,TRUE,0.48123738914728165
896,0.5213298766869131,0.50062651663098,0.5425996195280332,0.8,mean,qi,0,TRUE,0.5127130588516593
897,0.09701997802882585,0.0843324192184788,0.10984836857396323,0.8,mean,qi,0,TRUE,0.09719615080393851
898,0.39500010522062723,0.37342663906750184,0.41726665910466665,0.8,mean,qi,0,TRUE,0.41542986826971173
899,0.15292825684568964,0.13824312001001085,0.16784457311406678,0.8,mean,qi,0,TRUE,0.14860869641415775
900,0.9326637502023271,0.920007022002363,0.9457857453500169,0.8,mean,qi,0,TRUE,0.9259187914431095
901,0.06620599298775068,0.055303151931518094,0.07762420869435724,0.8,mean,qi,0,TRUE,0.07824913528747857
902,0.32455426138481003,0.3057388372330294,0.3433670034919178,0.8,mean,qi,0,TRUE,0.32605579821392894
903,0.3304691515245885,0.31098125555180944,0.34987487499838243,0.8,mean,qi,0,TRUE,0.3361966263037175
904,0.9093999350391988,0.8933893990098792,0.9252545187435532,0.8,mean,qi,0,TRUE,0.9015382404904813
905,0.05519188873889497,0.04436222985390347,0.06676272223307413,0.8,mean,qi,0,TRUE,0.04407271766103804
906,0.6837646666766034,0.6645604425025979,0.7020658609450343,0.8,mean,qi,0,TRUE,0.6749636130407453
907,0.4835157562718656,0.4611136825607976,0.5059853291303109,0.8,mean,qi,0,TRUE,0.4756409446708858
908,0.8771076678077683,0.8580769099559965,0.8959777242325337,0.8,mean,qi,0,TRUE,0.8729157818015665
909,0.23649686965207828,0.21820876349371776,0.25434828683476574,0.8,mean,qi,0,TRUE,0.234388065058738
910,0.5313332075623853,0.5062368683164823,0.5564875754207135,0.8,mean,qi,0,TRUE,0.54107894585467875
911,0.8189633216943267,0.8034205984854333,0.8340971118920308,0.8,mean,qi,0,TRUE,0.8430483613628894
912,0.051659112630013514,0.04176781916391647,0.06185961941225968,0.8,mean,qi,0,TRUE,0.059452478773891926
913,0.7042663223198657,0.6822311671693515,0.7270708948724478,0.8,mean,qi,0,TRUE,0.7115372773259878
914,0.5427206249136346,0.5206784754197263,0.564521904528943,0.8,mean,qi,0,TRUE,0.5176762244664133
915,0.3965132259893964,0.37586522478745793,0.41758092033374217,0.8,mean,qi,0,TRUE,0.3920922304969281
916,0.2949429044593769,0.27682517148286906,0.313767608486173,0.8,mean,qi,0,TRUE,0.29691539402119815
917,0.15281188771086937,0.13735731733959733,0.16791957672291596,0.8,mean,qi,0,TRUE,0.14423244027420878
918,0.8172146314330486,0.7975521710533106,0.8375149430828739,0.8,mean,qi,0,TRUE,0.8135680367704481
919,0.7686643918388588,0.7480015795271799,0.7890431184604847,0.8,mean,qi,0,TRUE,0.7366043603979051
920,0.17877359134313164,0.16280970366777187,0.1944165163187164,0.8,mean,qi,0,TRUE,0.20653013582341373
921,0.2998208517362643,0.2803328250758437,0.31922333529958935,0.8,mean,qi,0,TRUE,0.2861991748213768
922,0.9688500160283438,0.9540783100710388,0.9833960170947746,0.8,mean,qi,0,TRUE,0.9612440515775234
923,0.23230263847805374,0.2145816681953654,0.24991649226242882,0.8,mean,qi,0,TRUE,0.24506103876046836
924,0.8817547316711906,0.8673167452341239,0.8959467627504825,0.8,mean,qi,0,TRUE,0.8963653503451496
925,0.7472754349939381,0.7262830264462645,0.7676256820233862,0.8,mean,qi,0,TRUE,0.7569291861727834
926,0.5313674404404075,0.5098582133345368,0.5534058469825027,0.8,mean,qi,0,TRUE,0.523607971612364
927,0.7012315114471654,0.6825338388468007,0.7194476844717865,0.8,mean,qi,0,TRUE,0.6729750344529748
928,0.5657632768187196,0.5440116226705896,0.5872238610949646,0.8,mean,qi,0,TRUE,0.5831215442158282
929,0.6403379594627902,0.618681211217986,0.6613957617226142,0.8,mean,qi,0,TRUE,0.6330659410450608
930,0.1017172053975224,0.08824599887411635,0.11544904123499079,0.8,mean,qi,0,TRUE,0.09901425917632878
931,0.005621851960455619,0.0015312657049586043,0.01013285443313171,0.8,mean,qi,0,TRUE,0.0062307973857969046
932,0.24970653030470155,0.23234631601849154,0.2665352025804277,0.8,mean,qi,0,TRUE,0.26340734609402716
933,0.9065620065462446,0.8885751811258339,0.9236264645922527,0.8,mean,qi,0,TRUE,0.8902248251251876
934,0.93280991344012,0.9191662898495019,0.9468519209993768,0.8,mean,qi,0,TRUE,0.949293413432315
935,0.3871500094788293,0.3669767594085294,0.407797734862397,0.8,mean,qi,0,TRUE,0.39273948525078595
936,0.4482368553357191,0.4280503764320295,0.4682776989579801,0.8,mean,qi,0,TRUE,0.4197834637016058
937,0.5915792412822917,0.568206677968233,0.614593543449624,0.8,mean,qi,0,TRUE,0.5783287433441728
938,0.8512826031735802,0.8367305746566394,0.865651714534013,0.8,mean,qi,0,TRUE,0.8684147158637643
939,0.06809632432355951,0.05501230365029026,0.08151977691083549,0.8,mean,qi,0,TRUE,0.07308733160607517
940,0.6280658280956382,0.6060789684206088,0.6495764036731574,0.8,mean,qi,0,TRUE,0.6166710404213518
941,0.8754097246870383,0.8623685917325778,0.8883154559707828,0.8,mean,qi,0,TRUE,0.8605488040484488
942,0.646749735972111,0.6255833119585894,0.667101820361076,0.8,mean,qi,0,TRUE,0.647604308789596
943,0.016216577671620123,0.009482665281959653,0.02345908621639783,0.8,mean,qi,0,TRUE,0.01545575400814414
944,0.05947729061668801,0.049465176720429264,0.070046903145432,0.8,mean,qi,0,TRUE,0.05405175336636603
945,0.7552219992474922,0.7347116663505936,0.775423379337042,0.8,mean,qi,0,TRUE,0.7939418661408126
946,0.3417780826965365,0.32208749505067846,0.36134043415407446,0.8,mean,qi,0,TRUE,0.33737152512185276
947,0.561003610157389,0.5385001529285255,0.5838723443324512,0.8,mean,qi,0,TRUE,0.5761354803107679
948,0.33966349038497795,0.32079361772141257,0.3588757646769251,0.8,mean,qi,0,TRUE,0.35484822024591267
949,0.10511762599739538,0.09231970727218415,0.11839231910052181,0.8,mean,qi,0,TRUE,0.11830622190609574
950,0.5862457233326577,0.5674544241607897,0.605255921348404,0.8,mean,qi,0,TRUE,0.5954674279782921
951,0.494358535098895,0.4732463471249787,0.5150401541438473,0.8,mean,qi,0,TRUE,0.5089999723713845
952,0.2949250851913013,0.27598468457720116,0.3138577796890722,0.8,mean,qi,0,TRUE,0.29891370981931686
953,0.2670190341975362,0.24961408867727786,0.2843257448180231,0.8,mean,qi,0,TRUE,0.27755021303892136
954,0.3596633237606403,0.33980521706093025,0.37953650296428876,0.8,mean,qi,0,TRUE,0.3667820035479963
955,0.7730755064967241,0.7553961433031592,0.7909102424262682,0.8,mean,qi,0,TRUE,0.7720361645333469
956,0.6547808934425745,0.6331518234105605,0.6761024887802731,0.8,mean,qi,0,TRUE,0.66708450531587
957,0.7466848068129304,0.7307091069998677,0.7624222065986348,0.8,mean,qi,0,TRUE,0.7445762138813734
958,0.8493273333888038,0.8326318116504849,0.8656208834206716,0.8,mean,qi,0,TRUE,0.836813231697306
959,0.3815288283875462,0.3620142814434146,0.40095476026636295,0.8,mean,qi,0,TRUE,0.3792002818081528
960,0.2156702987685957,0.19913525409860852,0.23209107606460871,0.8,mean,qi,0,TRUE,0.1971350044477731
961,0.5088430884171882,0.4879159735429875,0.5294437782801333,0.8,mean,qi,0,TRUE,0.5102697035763413
962,0.9899187120625542,0.9820676542148498,0.9974127055256741,0.8,mean,qi,0,TRUE,0.9781278094742447
963,0.4706200102680164,0.4495200323069932,0.49252127631233533,0.8,mean,qi,0,TRUE,0.45788430608808994
964,0.8165914729805314,0.7997090428692839,0.8333977483613011,0.8,mean,qi,0,TRUE,0.8053618189878762
965,0.4428252266932253,0.4205764570979472,0.46575559250892123,0.8,mean,qi,0,TRUE,0.45843325019814074
966,0.9180387322767632,0.9000017251683662,0.9359124587907134,0.8,mean,qi,0,TRUE,0.9144060532562435
967,0.2801698992044781,0.26149067315394015,0.2994163249698045,0.8,mean,qi,0,TRUE,0.25611660350114107
968,0.6491605989090771,0.627795329744299,0.6706272163031127,0.8,mean,qi,0,TRUE,0.6303599856328219
969,0.7550066392832361,0.7373602799129372,0.7724252709286562,0.8,mean,qi,0,TRUE,0.7534943595528603
970,0.13954262362824835,0.1257578381915281,0.15321210609001387,0.8,mean,qi,0,TRUE,0.14008497283793986
971,0.7555557124116095,0.7329535507022732,0.7783364551550668,0.8,mean,qi,0,TRUE,0.7776294287759811
972,0.1515966737597082,0.13722484844747646,0.1662390255820437,0.8,mean,qi,0,TRUE,0.1679938875604421
973,0.3585157042731954,0.337946027664506,0.3787369429971749,0.8,mean,qi,0,TRUE,0.34962766128592193
974,0.3872032903511391,0.3661589755368819,0.4081316756015988,0.8,mean,qi,0,TRUE,0.4218859444372356
975,0.7998739179560862,0.7836951259413646,0.8164513497180588,0.8,mean,qi,0,TRUE,0.7896524432580918
976,0.6286246049415916,0.6052167674936763,0.6511244838825986,0.8,mean,qi,0,TRUE,0.6456613589543849
977,0.8336785915786867,0.8157705515004788,0.85130981917744,0.8,mean,qi,0,TRUE,0.8267681708093733
978,0.743049707120662,0.7235547829917754,0.7627644533787372,0.8,mean,qi,0,TRUE,0.7291918594855815
979,0.5075719875839549,0.48606050297709646,0.5293405521717603,0.8,mean,qi,0,TRUE,0.5216995130758733
980,0.10465290753331107,0.09225250149603932,0.11753122768988675,0.8,mean,qi,0,TRUE,0.120303422678262
981,0.8659379703447689,0.8504151555064683,0.8809793621259631,0.8,mean,qi,0,TRUE,0.8712080812547356
982,0.5695051474916891,0.5451408385034978,0.5934383353472822,0.8,mean,qi,0,TRUE,0.5687299109995365
983,0.03527524621493047,0.027524138136502094,0.0433989573240645,0.8,mean,qi,0,TRUE,0.03544151200912893
984,0.306641451814213,0.2881909157731622,0.32537624877017163,0.8,mean,qi,0,TRUE,0.3157804165966809
985,0.49735384179762293,0.4729750192999987,0.5221345831507632,0.8,mean,qi,0,TRUE,0.49420556449331343
986,0.6782432706973694,0.6585203971282914,0.6985338667582548,0.8,mean,qi,0,TRUE,0.6713440984021872
987,0.9289154206849416,0.909819188453778,0.9486610134955575,0.8,mean,qi,0,TRUE,0.9411520774010569
988,0.02987914268201004,0.021966109419564745,0.03807504417567121,0.8,mean,qi,0,TRUE,0.02997315814718604
989,0.12133654090773266,0.10792045120604672,0.13464984378744896,0.8,mean,qi,0,TRUE,0.12596580781973898
990,0.6497733166923462,0.6291329896248762,0.6701829344964018,0.8,mean,qi,0,TRUE,0.6556928865611553
991,0.9597160201165177,0.9474616353382282,0.9722355821963062,0.8,mean,qi,0,TRUE,0.940380539977923
992,0.0958011232358177,0.08319581043033537,0.10821509921888695,0.8,mean,qi,0,TRUE,0.09786572284065187
993,0.5489430850384277,0.5281565880351186,0.5697594666539508,0.8,mean,qi,0,TRUE,0.5425226804800332
994,0.683781895141951,0.6639879452673417,0.7032595236304372,0.8,mean,qi,0,TRUE,0.6820177889894694
995,0.8171671234418055,0.7990848491743194,0.8355917726362605,0.8,mean,qi,0,TRUE,0.8094106868375093
996,0.8130317936018737,0.79555169604022,0.8302053130544848,0.8,mean,qi,0,TRUE,0.8196366294287145
997,0.6246592369256398,0.60254843649229894,0.6463712043068583,0.8,mean,qi,0,TRUE,0.6131700000260025
998,0.9265331245646982,0.913363550931591,0.9396517723016526,0.8,mean,qi,0,TRUE,0.9194424878805876
999,0.6299217851615774,0.6072726333545562,0.6521294017304874,0.8,mean,qi,0,TRUE,0.6232274346984923
1000,0.7660246566393447,0.7479414164032192,0.7835724916297572,0.8,mean,qi,0,TRUE,0.7598064148332924
